bids_name	cjv	cnr	efc	fber	fwhm_avg	fwhm_x	fwhm_y	fwhm_z	icvs_csf	icvs_gm	icvs_wm	inu_med	inu_range	qi_1	qi_2	rpve_csf	rpve_gm	rpve_wm	size_x	size_y	size_z	snr_csf	snr_gm	snr_total	snr_wm	snrd_csf	snrd_gm	snrd_total	snrd_wm	spacing_x	spacing_y	spacing_z	summary_bg_k	summary_bg_mad	summary_bg_mean	summary_bg_median	summary_bg_n	summary_bg_p05	summary_bg_p95	summary_bg_stdv	summary_csf_k	summary_csf_mad	summary_csf_mean	summary_csf_median	summary_csf_n	summary_csf_p05	summary_csf_p95	summary_csf_stdv	summary_gm_k	summary_gm_mad	summary_gm_mean	summary_gm_median	summary_gm_n	summary_gm_p05	summary_gm_p95	summary_gm_stdv	summary_wm_k	summary_wm_mad	summary_wm_mean	summary_wm_median	summary_wm_n	summary_wm_p05	summary_wm_p95	summary_wm_stdv	tpm_overlap_csf	tpm_overlap_gm	tpm_overlap_wm	wm2max
sub-001_ses-001_acq-undistorted_T1w	0.6292190325185489	1.5450590593901035	0.5276681759574553	-1.0	4.632696988584926	4.258781888420237	5.1887966436523465	4.450512433682197	0.27331795528165476	0.37819189349443594	0.34849015122390936	0.6141178011894226	0.2925562977790832	0.0	0.0018635695737882544	4.631399223033971	4.529402666069941	4.604280066392951	252	288	192	1.6156786727237888	5.215776435015673	5.607520625650121	9.991106769210901	6.982184336960152	15.185604092094806	14.325367440592146	20.808313892721475	0.7986109852790833	0.7986109852790833	0.800000011920929	323.7424918490948	0.0	4.8037427077266255	0.0	4847924.0	0.0	13.349597357213497	30.027164752231677	-0.8577976377098859	169.58952693725175	335.49948880740067	320.0176320783794	808473.1459239292	32.73023108392954	686.1828570514917	198.06997490658136	-0.14851551898167292	90.01908538849382	697.4201095685826	696.0087028220296	1118689.7310909922	474.55446849018335	943.8233096003532	133.44291121591525	0.08953661608400099	72.13582958586893	933.1125823446906	953.716919824481	1030832.1258775739	746.628749653697	1057.7692383117974	95.45653742463618	0.18187845142276224	0.5262940887485461	0.5448955095462216	0.46884421273547977
sub-001_ses-003_acq-undistorted_T1w	0.6273589502366476	1.5239662797629205	0.544610819556543	-1.0	4.721815338764757	4.350979468164609	5.286691615598768	4.527774932530896	0.27426955347236837	0.37774474977044004	0.34798569675719165	0.613999217748642	0.31079549938440326	0.0	0.001613718379159899	4.677250258209936	4.5750545016561395	4.6521092310382475	252	288	192	1.6319471553961837	5.163311051875254	5.589513573730142	9.973282513918988	5.555949932735652	11.94390278891244	11.293701478526641	16.381251713931828	0.7986109852790833	0.7986109852790833	0.800000011920929	192.98186295381532	0.0	5.6902023145686895	0.0	4359711.0	0.0	12.750209834426641	38.06639659139034	-0.7438575744029281	165.94171290323405	338.1119633718684	322.8258933275938	803059.6077597651	30.311184857040644	687.6030047647655	197.81626584084648	-0.034447936768149834	89.1307006185991	694.3249535598459	693.9949305392802	1106034.361974931	468.8982181325555	942.304426021874	134.4088337571642	-0.16389374620025698	72.62132070547302	930.1923604666118	951.8250312544405	1018900.0332185716	743.0109087154269	1053.7257847860456	95.43744126784057	0.18075637089867372	0.5212851807083129	0.5422116064419009	0.47856330940710556
sub-001_ses-004_acq-undistorted_T1w	0.643437642655791	1.514100536925547	0.5443192914994304	12101.301810160709	4.65998013639852	4.283687631474909	5.221165344404648	4.475087433316001	0.27234621925874397	0.37861705875461854	0.34903672198663754	0.6050727963447571	0.3030362039804459	0.0	0.0014816396681982997	4.6555502541252185	4.551659154863191	4.62730593186617	252	288	192	1.6457658429883437	5.333469697721258	5.621354673308737	9.884828479216612	5.59646930649519	11.830825471608453	11.180895911234758	16.115392955600633	0.7986109852790833	0.7986109852790833	0.800000011920929	173.3068577963638	0.0	7.541466912236988	0.0	4375470.0	0.0	14.063902359455824	38.58619844104815	-0.7036874342272093	170.4078120669926	342.0957806442646	329.62063354998827	801242.3055771608	33.87970804795623	692.0237912759185	200.28391600224768	-0.3813394560169354	88.7776886122805	698.039026188472	696.8115027174354	1113891.009440382	480.50003995001316	938.2252025566995	130.64875764316378	0.11411272420628338	73.59527434654902	928.6962203474272	949.1637932807207	1026865.6881554602	742.9264733381569	1054.9256689436734	96.02223580416931	0.18497344945552113	0.5279328776130531	0.5485339559079458	0.47977889433012894
sub-001_ses-005_acq-undistorted_T1w	0.6117800975989658	1.5982739432705493	0.5430069824752796	9365.106559628826	4.676602696776656	4.3064521568009	5.244581000268016	4.478774933261053	0.2740354779586805	0.3793148276779957	0.3466496943633239	0.6317647695541382	0.32425977587699883	0.0	0.0018981428138391883	4.650890444378033	4.554689939623504	4.632507205622974	252	288	192	1.6335152864933808	5.101158849773528	5.54912344255995	9.912696191412945	24.399383274872182	52.8103169092504	50.26194870918374	73.57614594342866	0.7986109852790833	0.7986109852790833	0.800000011920929	248.34871222378086	8.495114989766696	8.906813425210277	5.798902541399002	4644371.0	0.0	18.846433259546757	33.162260574855445	-0.8345737034148448	164.78476064487205	331.80931765247004	316.385361276567	806814.9809711752	35.86345083639026	676.1244225054979	193.68362685181953	-0.23007934314018552	91.39924922724892	684.9040866748177	684.7882590405643	1116778.3374430498	459.42495729774237	931.6558243744075	134.24164442162967	-0.12937627276905816	73.33433602611854	932.2575727883177	954.0575371682644	1020605.6845076819	742.5011462382972	1056.4012635685503	96.24597095963665	0.18374187822847493	0.5258229172572033	0.546941604901087	0.4753224419604471
sub-001_ses-006_acq-undistorted_T1w	0.6134033075776197	1.5825792529396105	0.5443663813869514	9904.722415099102	4.676324144875611	4.284175979377943	5.24632152228139	4.4984749329675005	0.2717001014065452	0.3802697479998245	0.34803015059363035	0.6087190806865692	0.3052731066942214	0.0	0.0016269436400711524	4.637298855984768	4.539060860729657	4.6151974700309015	252	288	192	1.6294459368836514	5.2821492470465	5.626672577725646	9.968422549246785	25.4557016433594	54.413934332855156	51.643356369115715	75.0604331311326	0.7986109852790833	0.7986109852790833	0.800000011920929	200.16928047316082	8.31346620733411	8.635641334358569	5.607347745448351	4541570.0	0.0	18.094876773655415	34.478701690696866	-0.8715476453730324	168.97247573557	336.666620359949	323.02451122552156	802431.472692649	34.57291094586253	685.059650324285	198.2418088474197	-0.30801763116859426	89.152999573129	691.6296926599263	690.4949935376644	1123078.0273113688	473.5284767858684	933.2965910062194	130.72229765409068	0.0991403865804883	71.55701281527458	931.4191393069525	952.4922967851162	1027862.5029455494	743.1627812571824	1055.3166060559452	95.55090875642489	0.18538442147890608	0.5297675135149043	0.5471292711128034	0.4788737266296546
sub-001_ses-007_acq-undistorted_T1w	0.5981987763653913	1.638512581840238	0.5325481920166557	14360.842982090795	4.6856613202727875	4.309720331228889	5.24901369661862	4.498249932970852	0.27682984897239776	0.37914040792021286	0.3440297431073894	0.5975269079208374	0.29699819535017	0.0	0.0019509260355985753	4.647088516487491	4.554424278127264	4.629820020587509	252	288	192	1.6338969310048628	5.425721766779406	5.785378030205455	10.296515392832097	6.9656972829915444	14.812792571744609	14.075346414192746	20.447549387842088	0.7986109852790833	0.7986109852790833	0.800000011920929	284.52774612869854	0.0	5.331235243441934	0.0	4673375.0	0.0	12.787370521575212	30.64066493420915	-0.8103259118543602	170.9338629632079	339.3436661583309	325.7849761992693	816022.4199706344	31.778856121003628	688.4844371117651	199.39126538488853	-0.41095573686035625	88.04754734995731	693.9023557721027	692.7928503602743	1117607.347358536	480.92232045158744	930.3759905360639	127.68670606321483	-0.050604061026709335	69.59997648905505	935.6445470267882	956.3298719450831	1014110.236141332	751.2838686220348	1055.423376660794	92.87893660596292	0.17790436564675288	0.5228693471470673	0.5443460265299953	0.47542022926269256
sub-001_ses-008_acq-undistorted_T1w	0.6132772402029498	1.5897170852831757	0.5395065295335267	13454.442998063152	4.709587467854941	4.337981900899274	5.273130569983779	4.5176499326817705	0.27321730856262	0.3797668238530616	0.34701586758431835	0.6092959642410278	0.3082062900066376	0.0	0.001825801932335147	4.639782421828907	4.541718383370317	4.616923712116119	252	288	192	1.63109168445987	5.310086744334034	5.652247500690535	10.015564073277703	6.318932996138918	13.588857442864127	12.880750917263702	18.734462312788057	0.7986109852790833	0.7986109852790833	0.800000011920929	240.2877218055502	0.0	5.923707589371378	0.0	4597818.0	0.0	13.284003280103207	33.328308948065654	-0.856606594913317	168.00736082661254	335.69108091999516	321.45878494530916	806677.1097356769	29.45736536383629	683.6152457222342	197.08186165081437	-0.403507857777206	88.75762003868617	692.2586729078363	691.2967118099332	1121265.7259928756	474.2424407079816	932.7695884108543	130.18551990346734	-0.024478758364452347	71.77926423375797	931.3853457323278	953.0655722022057	1024568.1672512991	744.0098919346929	1053.2769921720028	95.15840547003826	0.18332490101249488	0.5275037758571628	0.5469811945805394	0.4704900067839065
sub-001_ses-009_acq-undistorted_T1w	0.605351087201199	1.5963918797361105	0.5391173488892644	12142.618106139438	4.720625243494054	4.33197146516964	5.2868168330098015	4.5430874323027215	0.2750058639078446	0.3790606045492729	0.3459335315428826	0.6229729950428009	0.3167915478348732	0.0	0.0015622532029504696	4.635219612788128	4.5383687080071935	4.615571732827841	252	288	192	1.6133153132334677	5.2713586954863665	5.60904274740603	9.942454233498257	5.7675393032426046	12.286149718750016	11.691101281796216	17.01961482339603	0.7986109852790833	0.7986109852790833	0.800000011920929	206.71638217859663	0.0	6.834846576072236	0.0	4484158.0	0.0	14.479831889271736	36.73990722027241	-0.8299115823667966	169.5747134004191	337.24332835755405	323.4423532113433	812321.1217822513	27.747067019343376	686.8290702551603	200.48291333561366	-0.4196773577353392	89.09678580595765	690.6157202767718	689.0046114996076	1119681.3447371013	473.2693821936846	933.4141876995564	130.7071560906337	-0.05901008560346899	71.59468722923837	932.4640692108276	954.4563079327345	1021829.5363300955	742.6085211783648	1055.9577895998955	95.99801200832435	0.1835253517619215	0.5249026210695404	0.5427621328417606	0.4604531924777619
sub-001_ses-010_acq-undistorted_T1w	0.5960867167333097	1.6450844020602913	0.5442616767441695	9611.581606178079	4.729680412194706	4.362461904756431	5.29405439936757	4.532524932460116	0.27469162599078856	0.38062615644551184	0.34468221756369954	0.6216064095497131	0.3166590929031372	0.0	0.0014822076021569729	4.645089533037517	4.5518016294452455	4.631201021500763	252	288	192	1.5977125490925888	5.114950143117536	5.460241941897396	9.668063133482065	24.553427467825376	52.98385033871177	50.762161882954956	74.74920784232772	0.7986109852790833	0.7986109852790833	0.800000011920929	182.38857432215224	8.354649461759786	8.807635143674657	5.635125428438187	4403501.0	0.0	17.91164868324995	36.0002395153825	-0.8247303201652865	167.14271929151573	328.57274935467035	313.118427824229	809402.7748846257	30.389426417648792	672.525385953486	195.97907932588197	-0.4554143643863977	91.35411345983766	676.4714148955704	675.6783728003502	1121548.0854556446	456.6464141830802	920.0348534323275	132.09866228777943	-0.09224447390077017	74.09778391679811	929.7091481420222	953.2418425641954	1015636.1423220092	733.7067477479577	1054.3722185567021	98.59693302784791	0.18524659177361472	0.5268094890010656	0.5447057161074957	0.4808548078712712
sub-001_ses-011_acq-undistorted_T1w	0.5929630707262924	1.6498748938822598	0.5374759779835707	10002.298982692562	4.742090130366413	4.357553382243896	5.315754576699771	4.552962432155573	0.27535064932956044	0.3796602054000924	0.34498914527034713	0.6132274270057678	0.3130838632583618	0.0	0.0017685031592462126	4.663655981054402	4.572223285172203	4.64909736321878	252	288	192	1.6593185017733703	5.328924302953947	5.767965536265163	10.315653804068173	25.46726943189418	54.03869682558082	51.48712106506235	74.95539693771204	0.7986109852790833	0.7986109852790833	0.800000011920929	381.03010634742026	8.361612889039828	7.638963723855063	5.709882091730833	4721394.0	0.0	16.84940666332841	28.810679460185067	-0.7836210995009241	165.985806170008	340.0385141139867	325.04291981086135	808621.9773937549	36.711389154195786	685.5011205710471	195.8892873656913	-0.31845814242091164	88.4461288822039	690.3723798364015	689.7047147490084	1114947.7467216689	472.8342851176858	928.9943133294582	129.4265720883855	-0.12098790920556013	69.85322568794142	936.0288539678921	956.6679750010371	1013129.2790016345	751.6026390194893	1055.837767649442	92.73939597395636	0.18144722145137593	0.5229349267829208	0.5458909432016306	0.47358929004959593
sub-001_ses-013_acq-undistorted_T1w	0.6059216513573427	1.6167274575763977	0.5364797262862815	10781.361111111113	4.761049618189091	4.379691820514717	5.33880710207114	4.564649931981416	0.2756112865490878	0.3785652316237608	0.3458234818271515	0.6045628786087036	0.29837220907211304	0.0	0.0017275413360308164	4.669957549671466	4.574999348636214	4.652376305459772	252	288	192	1.6519936088653666	5.2253186148979776	5.711224172663471	10.25636029422707	25.957919316109695	55.37276311660477	52.6594950294839	76.64780265573724	0.7986109852790833	0.7986109852790833	0.800000011920929	376.9379579548925	8.172176612707597	7.26414621464871	5.512049362063408	4761597.0	0.0	15.12452568858862	27.95573635370218	-0.7906423994217766	165.63606744292713	339.7490247358602	323.79928996413946	808222.1059519445	38.61795559152961	685.1410136930645	196.00504984440414	-0.27568688908350936	90.14309446578075	692.0084977738177	690.7202831692994	1110131.5645455169	470.50718914344907	936.2417501807213	132.18714933507	-0.14922542197675126	70.65942949280105	935.3180396419672	956.105293918401	1014117.3326738693	751.3528261519969	1055.8599433489144	93.22067430282002	0.18040876865103625	0.5211190925603204	0.5425641285805628	0.4866561740856058
sub-001_ses-015_acq-undistorted_T1w	0.5965423718213342	1.612654023143175	0.5380598753768611	10498.63709387755	4.717177483312214	4.340185727333473	5.289671789981377	4.521674932621793	0.2782090280701483	0.3781348176045423	0.34365615432530944	0.6184568703174591	0.3037790030241013	0.0	0.0019865393597181583	4.651863471098773	4.557445267495646	4.6342570168957185	252	288	192	1.620843280640545	5.154656140352262	5.612721599597831	10.062665377800686	25.102136622522874	54.61511527935331	51.915903557694975	76.03045877120873	0.7986109852790833	0.7986109852790833	0.800000011920929	253.37620241754223	8.237230316038442	7.998591196117004	5.5559274181723595	4607609.0	0.0	15.864515639841557	33.261321555725495	-0.7808679014730502	166.58061548759667	330.6889905654138	315.6168406829238	819116.3753256751	34.30617833510041	677.4215117096901	194.72372918203249	-0.26338440731674506	89.86520543581697	686.8065310400626	686.6925472207367	1113322.681615387	462.2799367457628	933.3288673684001	133.2178558812524	-0.04994060556736013	70.76078572693264	933.6121686560864	955.9542103484273	1011808.9461077146	744.695090688765	1054.5886567421257	95.00005237764049	0.1773113631907544	0.521178955448447	0.5439375309347871	0.4843397602211256
sub-001_ses-016_acq-undistorted_T1w	0.6173167378627387	1.5782082461557483	0.5430924446828042	9931.57811513698	4.768945640243193	4.4008285194972645	5.325195969491738	4.580812431740576	0.27394369274623764	0.37918478146210366	0.34687152579165875	0.6282385587692261	0.31767871379852297	0.0	0.0019190920182975471	4.650372143227837	4.5526961908039745	4.628770476004666	252	288	192	1.655375535759227	5.220751147369197	5.62361860531086	9.994729132804157	25.863951863737963	55.70761057591655	52.832610694426826	76.92626964362597	0.7986109852790833	0.7986109852790833	0.800000011920929	226.78234182381712	8.105804329880153	8.815846300906255	5.706475522369146	4566114.0	0.0	17.90534834563732	34.25559689407727	-0.8401303369974755	163.99055384888786	334.4418155816052	320.00684591010213	806926.6245456169	35.537332594394684	678.3530064076185	193.3136262496603	-0.2946386689701854	89.72112167636095	689.0948906782905	689.2533997707069	1116924.039086076	467.1792415678501	931.7956947274506	132.02182440129357	-0.09457920074903958	72.34430364418037	930.470765554601	951.7854443117976	1021742.3392818568	743.1061268560588	1053.6477409116924	95.22869163326341	0.18311114796362912	0.5270634476296958	0.548276087299566	0.4757626481740853
sub-001_ses-017_acq-undistorted_T1w	0.6172145270479182	1.5719540011937139	0.5320342711680333	12692.888904450123	4.666985245497284	4.299314764371959	5.214366038985499	4.487274933134393	0.27716728383909234	0.3777055381296197	0.34512717803128784	0.6064268946647644	0.28398191928863525	0.0	0.001959916413589593	4.642122237052583	4.5434011271439765	4.619548892064361	252	288	192	1.6046630439400575	5.120046232241092	5.548959054306064	9.922167886737041	7.140179388448555	15.684497502475383	14.83795899283072	21.68920008756822	0.7986109852790833	0.7986109852790833	0.800000011920929	320.3169188418345	0.0	5.627971131781566	0.0	4790979.0	0.0	13.000636413693428	28.756817843044058	-0.776855576628976	167.29936914593983	329.48500943785956	313.41387540102005	817829.4674466867	31.43674673140049	677.7177725583315	195.31432780940213	-0.17547291693490497	90.43591250452353	688.7271125147815	688.4615747779608	1114484.7790893684	463.47745610773563	937.0629864931107	134.46387682453778	0.008458100251041323	72.2450515213312	930.4112561275298	952.0343795269728	1018356.7566169439	741.3223531544209	1054.0687142163515	95.95019182883118	0.17705290661463485	0.5221811841979334	0.5433886673794031	0.4957543656376728
sub-001_ses-018_acq-undistorted_T1w	0.5983065959636555	1.6189227489614222	0.5384580585940664	10453.299643281807	4.729540020191313	4.355499816702938	5.2888203115863455	4.5442999322846545	0.27521226402907245	0.378999894966829	0.3457878410040985	0.620583713054657	0.31113234758377073	0.0	0.0016805116927756099	4.665619776905467	4.5712458103628455	4.648722909751116	252	288	192	1.6498034714098673	5.222020160998234	5.696184192384682	10.216728944745947	26.40389487337583	56.48828181892226	53.70460671063923	78.2216434396196	0.7986109852790833	0.7986109852790833	0.800000011920929	450.7708844970547	8.001200598452078	7.390119215721824	5.5675103180110455	4791454.0	0.0	16.907469984143972	26.1575607212543	-0.7808776916849713	164.63229838966905	338.784862800225	322.4715638794005	807777.9939307615	39.314137276262045	684.6329865902662	195.46047142190037	-0.25809478516995643	88.36769015379036	690.544379137032	689.893088363111	1112406.003912435	468.2856838032603	934.7610728405416	132.112239517025	-0.1104414431792704	70.44094957244836	934.5684514647816	955.3232888616621	1014925.0053131115	748.7789030149579	1055.7092571109533	93.50574174872783	0.18141136676688052	0.5214732692119786	0.5440895753086529	0.4839094778366033
sub-001_ses-019_acq-undistorted_T1w	0.617781696527988	1.5882900649192053	0.5242053114789907	14008.2019140625	4.692089371618613	4.315555462583076	5.255650219403425	4.505062432869338	0.2768750011654892	0.37771074937087024	0.3454142494636406	0.6040656566619873	0.27469891160726534	0.0	0.0011598841401193557	4.649530812923252	4.550977742438226	4.626040312118967	252	288	192	1.6075764033358642	5.207479920028737	5.628622893960902	10.070812358518106	11.10318299826474	24.41783588163278	23.046648163580823	33.61892561084495	0.7986109852790833	0.7986109852790833	0.800000011920929	911.2517464727903	0.0	4.99262754385757	0.0	5126555.0	0.0	13.733850218355656	18.607493027232934	-0.7719845995446928	170.37356812588905	333.22250223027834	315.35784032195807	815865.3518764211	39.41159387305379	683.7960353977978	196.16961682296537	-0.1173103178643693	89.50523049377632	694.0122989636935	693.5268913581967	1112997.2447703313	470.5959103256464	940.1829359196126	133.17892540161247	-0.13066484706499315	71.94193998179003	933.474522501588	954.8605815321207	1017829.4067558062	746.5747014433146	1055.9443227127194	94.8146066545726	0.1750479607187083	0.5195641681244313	0.5428731338217154	0.4917290964854945
sub-001_ses-020_acq-undistorted_T1w	0.6044714706957653	1.607279945793652	0.5422597703787394	10299.247260249991	4.712280742923018	4.324921724928423	5.281770571345128	4.5301499324955055	0.27491182804197767	0.37923389773678917	0.34585427422123305	0.6068493723869324	0.3038977086544037	0.0	0.002021521317379312	4.667863678713544	4.5725524652721585	4.648919659143895	252	288	192	1.6470199461261792	5.285164584791705	5.680174712453272	10.108339606441932	25.70237967438376	54.94263618305359	52.20502690104703	75.97006484570373	0.7986109852790833	0.7986109852790833	0.800000011920929	273.6229362686962	8.223293414916418	8.104112914763267	5.617183517664671	4615756.0	0.0	16.7808941565454	32.25125138866863	-0.8124517885425631	166.35146424060218	337.31956310643244	322.61710618436337	806696.045756273	35.2928700260818	683.812604829669	195.87917376538408	-0.29931446460420474	88.20398796636464	690.2020316232135	689.6417575366795	1112816.7452813021	471.17217971757054	931.251305192709	130.48627655947644	-0.11194440269593686	71.3383798160265	932.3159805030814	953.5787264704704	1014868.2121439045	745.3896543346345	1053.8048248328269	94.33579537221281	0.18142517245776146	0.5227668561477463	0.546006474337262	0.47838050052171877
sub-001_ses-021_acq-undistorted_T1w	0.6179743424331667	1.5777320909577617	0.5372089299998263	12678.76	4.666562782815243	4.306752678587382	5.225710736425184	4.467224933433162	0.2754097202334227	0.37840197977882056	0.3461882999877568	0.6105050444602966	0.30783886909484864	0.0	0.0018206783206768432	4.634367744013696	4.536103986183928	4.611712508785774	252	288	192	1.644461501427233	5.40111001870641	5.723477831668816	10.124861974872807	6.713984217964649	14.167364264016525	13.425492529046814	19.395129105159267	0.7986109852790833	0.7986109852790833	0.800000011920929	278.9281911092586	0.0	6.398471770358701	0.0	4695212.0	0.0	14.170040164142847	32.196751784620886	-0.769689066871698	171.6106862928496	343.4387608169697	329.9595066793263	813915.3176099277	34.147473838180304	693.6018957160413	200.64884686809296	-0.2739271798510021	88.1177577839718	697.8783083601851	696.2567041777074	1118287.2096702708	483.8056570328772	936.350944429636	128.9098704638935	0.1323698422360695	70.65164722377638	932.8131795665612	953.175793055445	1023086.4760276595	748.2577649205923	1055.6513996757567	94.14205641394547	0.18029983598550495	0.5255134896970992	0.5458677706275653	0.4776499151894103
sub-001_ses-022_acq-undistorted_T1w	0.6254209861900728	1.5695991043869206	0.542052222142467	12679.945290858725	4.751811342059578	4.3748834719310095	5.327875622087867	4.5526749321598565	0.2724510944376207	0.3789445728198739	0.34860433274250546	0.6251958012580872	0.3267981588840485	0.0	0.001755788118902959	4.638379775683503	4.540002044270089	4.617122352366703	252	288	192	1.6828051149370247	5.339892976573742	5.706893294267814	10.097981791292673	6.659199052902094	13.850846995594422	13.164356288632172	18.983022817400002	0.7986109852790833	0.7986109852790833	0.800000011920929	251.58417076589785	0.0	6.228068066997507	0.0	4655070.0	0.0	14.067784234881401	32.847827448877446	-0.8009314854955996	165.52186174996802	346.4421095892408	333.88500690460205	804239.6680035419	36.554651618003845	692.3436624854803	198.40966512570924	-0.3953582132121354	89.34873297814903	695.8000141524078	694.4664227664471	1118594.3593490557	478.88032779097557	934.8060613572598	130.05244026308753	0.059256413439381816	71.5856714368215	932.5006622149683	951.7881436049938	1029033.9754668126	748.7587153762579	1057.2065778970718	94.25523840405133	0.1867608563059955	0.5280823642106277	0.5472747410508977	0.45902614291309896
sub-001_ses-023_acq-undistorted_T1w	0.6104776859536439	1.5927652496180182	0.53812969363241	12307.215038000078	4.762564705380023	4.390648343980196	5.332320840179576	4.564724931980298	0.2747337397116485	0.37900964132953263	0.34625661895881893	0.6097158491611481	0.30208224803209305	0.0	0.002014497173813084	4.664949744691312	4.56816874218334	4.644341723533586	252	288	192	1.642737147750229	5.211945745820498	5.6231899492478306	10.014886954172765	6.331972214119037	13.70085709449996	12.999475622389093	18.965597558548286	0.7986109852790833	0.7986109852790833	0.800000011920929	275.29183349607615	0.0	6.331331067720809	0.0	4643254.0	0.0	13.442133765667677	32.923490804395136	-0.7884656558821557	164.3542832723152	334.6111205251822	318.2095041051507	806749.0338512156	35.55224295705557	678.7092476896942	193.70677002326696	-0.3016724209004935	89.75731780418435	689.1036901781267	688.5284386016428	1112952.7166332675	468.5447028949857	932.9585737511516	132.10577447560763	-0.09396296111518021	71.76067438539236	931.7894727072087	953.1048447601497	1016774.2524191025	744.0915154516697	1054.6488225013018	95.16876030961367	0.18062492765065183	0.5232111135645714	0.5452183711665647	0.478212119667703
sub-001_ses-024_acq-undistorted_T1w	0.6185112332073369	1.570266020111893	0.5445450127775272	12597.256406249999	4.7650289160720325	4.401542258740159	5.331582057454475	4.5619624320214625	0.27370829929493906	0.37935089546850814	0.34694080523655285	0.6205859780311584	0.3208419442176818	0.0	0.0015283893244428454	4.650256007261986	4.55084784814899	4.626910359148264	252	288	192	1.6381003978552848	5.241260385494617	5.587707458299346	9.883761591548136	5.844405285622914	12.527302573038957	11.887491851593024	17.290767696117197	0.7986109852790833	0.7986109852790833	0.800000011920929	202.59049640334422	0.0	6.912607697245999	0.0	4470640.0	0.0	14.044282518327236	36.04347193590183	-0.7973019113515076	165.18189457745333	335.458335422957	321.54015239328146	806185.0785857427	33.73315705358982	681.9876711890101	196.28830650026003	-0.2549736917805623	88.86746077387718	690.110379129397	689.2114050202072	1117346.5775887999	469.81148912385106	932.8024295605719	131.49720599900354	-0.12237575258832756	73.22599066008938	929.2819329242034	951.2817486636341	1021885.3467531771	740.0463319346309	1053.3211888745427	96.24688681511087	0.18330613747156144	0.5260420645367123	0.545345732021605	0.47710766223480444
sub-001_ses-025_acq-undistorted_T1w	0.6144737311445632	1.5732250008954625	0.5336054844947353	-1.0	4.686412465302868	4.314165549320598	5.24654691362125	4.498524932966755	0.2729721243112985	0.3789470001707228	0.34808087551797856	0.620290219783783	0.3148088097572326	0.0	0.0016217220541505392	4.661000262519255	4.562178157480692	4.63940826883198	252	288	192	1.646001861842413	5.204666174945364	5.627590893598177	10.032104644006752	6.685279176140234	14.277364931501722	13.548335452396572	19.68236224954776	0.7986109852790833	0.7986109852790833	0.800000011920929	297.52396038680376	0.0	4.76170604205713	0.0	4689485.0	0.0	13.235601145774126	31.74872495995996	-0.8303990234020779	165.38025101883937	339.15031427263193	323.97694563120604	801996.196587779	35.017023503780365	686.3058693856001	196.82647459882588	-0.3516603629152586	89.20541724217682	692.8746217276594	691.8988661952317	1113351.9717884574	469.36012357100844	938.2686387039721	132.93812363952492	0.0020695889441437743	71.74546548403714	932.8019951223442	953.8317602612078	1022666.834478704	745.8487049862742	1056.207919254899	95.07788522576973	0.1850036211022686	0.5256166151700774	0.5465096956754186	0.46717264814654846
sub-001_ses-026_acq-undistorted_T1w	0.5968046884345158	1.651372228549595	0.5351032781731154	10979.87185640887	4.667033288780469	4.288070240861101	5.222229692398438	4.490799933081866	0.27584657228970033	0.37928142362477674	0.344872004085523	0.6241856217384338	0.3182995468378067	0.0	0.0016701256969749855	4.644201469868733	4.551986205208314	4.6292404271771295	252	288	192	1.636618727262689	5.264167499079254	5.715025099188792	10.244289071224433	27.40821025536364	58.55807735463371	55.78531069039938	81.38964446120077	0.7986109852790833	0.7986109852790833	0.800000011920929	463.0659554134813	7.701569979982681	7.249495198381187	5.498212285339832	4881866.0	0.0	16.697025038301945	24.35170820055162	-0.8030676711828146	167.4341317726105	337.49718357354146	322.2019861936569	813342.1705231788	34.74330462515354	684.3081756606698	196.87040283331729	-0.32393746640599597	89.46823827395465	689.3768524962461	688.3896706700325	1118323.0364962397	470.45132971554995	930.9519071355462	130.76889422928113	-0.12213324990663965	70.71441527075007	935.9889848278789	956.790131740272	1016865.796182566	750.522842630744	1056.4325801506639	93.3973704400183	0.18039226180967044	0.5222662602007982	0.5445941129154165	0.48635163403175474
sub-001_ses-028_acq-undistorted_T1w	0.6140955934638589	1.5912597509124322	0.5327060831304021	12973.35149106902	4.691900531322459	4.331157551997919	5.24493160901891	4.49961243295055	0.27207939454316576	0.37949445395501386	0.34842615150182044	0.6197456121444702	0.3064918056130409	0.0	0.001694329964239969	4.671385828737059	4.574236388662407	4.652429138769077	252	288	192	1.6515991177135037	5.151585910014333	5.63631909483409	10.105772256774436	8.382568447041379	17.90171252953173	17.010145490756493	24.746155495696375	0.7986109852790833	0.7986109852790833	0.800000011920929	476.9347607093994	0.0	5.254423210564884	0.0	4867502.0	0.0	13.05647772923112	25.25873900685128	-0.7688821696331116	164.12060917801654	338.7881186437662	323.18935203552246	797484.295926736	38.90365247055888	684.9169080555439	195.68256360680508	-0.11187107097795668	89.99050209130739	690.432210429758	690.1992998085916	1112325.5692646764	465.5813712403178	936.7773601301014	133.9779636046144	-0.05172065256385938	72.06135991219634	933.3642812870944	954.0863293334842	1021262.1377647471	747.3421539925039	1056.0796795338392	94.40999044703558	0.18675238106375602	0.5260345297879679	0.5472855171772799	0.4855360373307184
sub-001_ses-037_acq-undistorted_T1w	0.6020552261504458	1.5945912971402862	0.5351418801098539	11302.656706327745	4.695346342863156	4.318360332590238	5.257691263203281	4.50998743279595	0.27444550957503927	0.3785898908158766	0.34696459960908405	0.6088850200176239	0.30166517198085785	0.0	0.001564336413368306	4.686931029559142	4.5903263529241825	4.669863495726157	252	288	192	1.6476286417514465	5.046900234030956	5.612483880924003	10.142922766989608	26.29880315678696	56.53659827180621	53.769634891189725	78.473503244976	0.7986109852790833	0.7986109852790833	0.800000011920929	575.842037393443	7.98467440724963	6.7860115832078245	5.38558104634285	4865778.0	0.0	15.000330030918121	24.09754119372304	-0.8034090740573316	163.36741808697863	337.9935923015604	320.52467319369316	801602.0919279004	42.02735638618469	683.6053487658501	194.53684231015012	0.006759465513379581	90.28070510773661	689.0224546085054	689.0570105612278	1105787.6258594224	458.732559800148	941.5185122489929	136.530675670279	-0.07485428737590238	70.68641208381115	934.719745395048	956.4197211563587	1013416.2854485405	747.3402312099934	1055.4086832106113	94.29424548020172	0.18295515661235967	0.5208020605600657	0.5422776844401945	0.4908101325918139
sub-001_ses-038_acq-undistorted_T1w	0.6080453514228359	1.6223798790905375	0.5387467968129207	10558.139755081429	4.746250013688615	4.390560691792473	5.271026917478408	4.577162431794965	0.2744221763895622	0.37918860332714127	0.3463892202832965	0.6002113223075867	0.2934459418058396	0.0	0.0019084408434027202	4.647866934018648	4.553330199730656	4.629538190672582	252	288	192	1.684022881514183	5.429467822368093	5.848421352121837	10.431773352483235	26.32929303641291	55.07030778862707	52.346251251647736	75.63915292990323	0.7986109852790833	0.7986109852790833	0.800000011920929	313.29296048362096	8.282414869200991	7.857960481436595	5.58640393614769	4765298.0	0.0	17.499578595161438	29.062043265451248	-0.8072293988831918	167.39458967571883	347.1277906587986	332.8621767014265	808631.0465363904	42.941273629665375	693.0169654041529	197.65881719121612	-0.4028912375356475	88.56196622187808	697.6069802867811	696.2140038013458	1117342.924603236	483.8970011919737	934.4438439458609	128.22871688899343	-0.13231514101814357	69.55232727509748	936.0289176274058	956.2510111182928	1020694.032063147	755.0731633454561	1055.056324109435	91.66711261597563	0.1825958930525231	0.524527064408055	0.5446629636496061	0.48065700221594465
sub-001_ses-039_acq-undistorted_T1w	0.5936564741544424	1.6360316622116124	0.5341536729107256	13660.145091921066	4.7235884549071185	4.347874076370965	5.293741355839985	4.529149932510407	0.27605396428639567	0.3792839535780791	0.34466208213552524	0.603075385093689	0.29606186747550955	0.0	0.0018393943403176001	4.659325331686215	4.566834876407208	4.6426860214863	252	288	192	1.6675704746474909	5.434242728030886	5.835690724802464	10.405258971729015	7.179309541696007	15.067395015110254	14.334747116247337	20.757536791935753	0.7986109852790833	0.7986109852790833	0.800000011920929	297.0470433699032	0.0	5.569263343642514	0.0	4740583.0	0.0	12.96844670176506	30.20348018140041	-0.7911917247053157	167.94649671082732	344.1867334949155	330.98471319675446	811552.5549212387	34.71867620944977	691.6504907608032	198.4830712153075	-0.3138035978679037	86.9506652141693	696.1385426107372	694.6458275318146	1115031.4843788238	481.5684617757797	932.6729870736599	127.82747308232148	0.019048681153439606	68.7833759065077	936.9883638536148	956.9760604202747	1013248.964073449	754.4844871163368	1056.3667805492878	91.9703767862769	0.18023481432015384	0.521678668999645	0.5447303293553862	0.48258638150328703
sub-001_ses-040_acq-undistorted_T1w	0.594155048178003	1.6600469970407943	0.5390431191369724	10503.866414277987	4.698704096792638	4.3161189409327285	5.266130916706976	4.513862432738208	0.27658420433100056	0.37913744065399796	0.3442783550150014	0.6158924102783203	0.3095778375864029	0.0	0.0017200072076793667	4.655011878820145	4.56400722699036	4.640225320454572	252	288	192	1.6497329638815952	5.357346975442787	5.78432051899068	10.34588161764766	26.903201356186088	57.25251457550991	54.51800616121327	79.39830255194381	0.7986109852790833	0.7986109852790833	0.800000011920929	387.49199570451077	7.892179008777488	7.767365135055413	5.599723398685455	4774683.0	0.0	17.697891235351562	26.572553487920686	-0.8006494399694399	167.63193206305948	339.69742691992	324.0926332473755	813835.4695112442	38.2302103638649	685.1710938811302	196.45145076717392	-0.320583336346119	88.35140656579473	691.2957819481924	689.6992652714252	1115593.3426143017	476.25301843881607	929.3466870188713	128.73889992847927	-0.0961041149114421	70.15839651309338	936.4463152960185	956.4811491668224	1013022.191104166	752.8171351850033	1056.2737507224083	92.45037904186746	0.17833632838750163	0.5195122547790574	0.5435526592957212	0.4845295837783887
sub-001_ses-041_acq-undistorted_T1w	0.6193847244854576	1.5641825030863272	0.528974685531218	12712.912657690675	4.597633615730572	4.248664321608685	5.132611591321367	4.411624934261666	0.27586742673984227	0.37765560929935643	0.3464769639608013	0.6191160082817078	0.30680786818265915	0.0	0.001448834668184886	4.64318195695943	4.541997494621457	4.619558684193675	252	288	192	1.632590121876772	5.087361522572523	5.5143777469201325	9.823181596311104	10.148282236917886	22.042551859541696	20.876045472425	30.437302320815423	0.7986109852790833	0.7986109852790833	0.800000011920929	643.9231759610245	0.0	4.963051449621886	0.0	5078810.0	0.0	12.878864742815495	20.49367581794864	-0.8009484938879896	165.64997282358243	334.76731662651736	317.4539016187191	813534.6974852056	40.457166731357574	681.0964019224048	194.44789127227006	0.02084249641846414	89.77288810837479	689.833784638853	689.5249783247709	1113708.6588866573	462.56027296185493	940.291983447969	135.53679362135892	0.002884750452805118	72.87799045768955	929.8659108557055	952.125704716891	1021762.6466181614	739.2535790987313	1054.6846223808825	96.92636030990168	0.18082450486311333	0.5241820401065965	0.5454697568880542	0.47933774028381976
sub-001_ses-042_acq-undistorted_T1w	0.6022617728944156	1.6325113936426046	0.5280520129984622	14162.506369171608	4.60068255036193	4.2349655368415595	5.144469680146291	4.422612434097939	0.27736500524897384	0.3785419059031391	0.3440930888478871	0.6039679646492004	0.28710997104644764	0.0	0.0013610798007073254	4.645925013205848	4.551521024447196	4.628415193893107	252	288	192	1.6365893715524915	5.269165335595541	5.689811465372711	10.1636796889701	10.7962529625681	23.085350637880683	21.944998228218168	31.953391084205727	0.7986109852790833	0.7986109852790833	0.800000011920929	673.8064748026445	0.0	4.386469325475951	0.0	5060092.0	0.0	12.554743945598602	19.575672399062455	-0.7875310729127873	168.53326629898186	338.116847773894	322.595281124115	817560.258356163	36.98296666145325	685.4176487922668	197.11424835088388	-0.23926598553440614	88.8358855177567	690.951441554974	689.7972106337547	1115788.9875509078	472.11676651239395	933.3981726169586	130.91198654679278	0.11807249896234406	70.75126561809427	933.808017208302	954.7769226431847	1014247.7576236684	747.7371917366982	1054.69581502676	93.94003758273922	0.17714504019551022	0.5211338178563205	0.5430603764314771	0.4956824669333646
sub-001_ses-043_acq-undistorted_T1w	0.6063772882104711	1.626365451745861	0.533305412499613	-1.0	4.658610512936822	4.2818594572738125	5.2178846482355565	4.4760874333011	0.27678000013991855	0.37877313326930795	0.3444468665907735	0.6041626930236816	0.3062387019395828	0.0	0.0019946713098662368	4.6499960576732216	4.556741076552593	4.633638812264967	252	288	192	1.6515398655083837	5.427370316189277	5.7907625342909625	10.29337742117523	7.0287008416201795	14.703937080424275	13.995131908342282	20.252757802982398	0.7986109852790833	0.7986109852790833	0.800000011920929	269.0244631525396	0.0	4.445044720808021	0.0	4728872.0	0.0	12.241249442100525	30.870871818432956	-0.6930025396712849	170.6302816930456	344.7696431740697	331.2014455795288	815047.0760039153	34.17921894788742	692.7997015714645	200.54087056395693	-0.4252752550730077	88.24649465511261	694.5174520005402	692.868472635746	1115391.049150686	482.36024487018585	930.4037286639214	127.6618549455715	0.05852889494623037	70.30151133991929	934.6682950016747	954.3360590338707	1014308.8782122987	751.7365036606789	1055.3607524633408	92.71355256379842	0.17910590429521367	0.5223589497475214	0.5448378447422152	0.47703678239944997
sub-001_ses-044_acq-undistorted_T1w	0.6020108860680641	1.6540226040980117	0.5280811317122419	14034.8447265625	4.689885488035473	4.348061902487515	5.230832128536476	4.490762433082425	0.27552304984658804	0.37928521566853013	0.3451917344848818	0.6122365891933441	0.3086823120713234	0.0	0.0010871259182270172	4.646579256075174	4.553816783681607	4.629827429955856	252	288	192	1.6523854324546443	5.353539454240509	5.796046677348296	10.382215145349736	14.180719523783011	30.214359975558832	28.706826905801506	41.72540121806267	0.7986109852790833	0.7986109852790833	0.800000011920929	1233.5642637531175	0.0	4.212704513222401	0.0	5113482.0	0.0	12.618398923426867	15.013057289973016	-0.7543168420725554	167.9397617033725	340.4936126265539	324.964319832623	812184.0920282612	41.29362938180566	687.5567701309919	196.66363149546504	-0.2751178815249373	88.49059608654223	693.2163022134057	692.39003861323	1118053.1671633683	476.41754495725036	931.4584192447364	129.3330767225028	-0.056280224241504584	70.31154971658952	935.7954944304504	956.1762083955109	1017552.7441510577	753.633064750582	1054.5607943460345	92.09746910153075	0.17773220247685564	0.5221668564587674	0.5459910324179322	0.4917504963048229
sub-001_ses-045_acq-undistorted_T1w	0.6045834443565927	1.5884003510357028	0.522963567763843	13707.122122788762	4.687097233137222	4.325848333770075	5.230143432775789	4.5052999328658	0.27161370609821883	0.3799766226308716	0.34840967127090955	0.593919038772583	0.279869019985199	0.0	0.001180095015965808	4.635677518034025	4.535639853105959	4.611610252315503	252	288	192	1.582682981796071	5.044507299749253	5.506352399683962	9.891866917506562	11.116434155559434	24.819665693748505	23.462365503613256	34.450996661531825	0.7986109852790833	0.7986109852790833	0.800000011920929	799.9752447172818	0.0	4.373840701298733	0.0	5160406.0	0.0	12.700332038104534	18.14177569016012	-0.8484094403776967	165.5305897710728	326.3855993226735	307.8318574950099	802591.6125848409	33.262774385511875	676.3430791720748	194.4998899097009	-0.014415533234978017	89.31578316567365	687.7774918550707	687.2962755858898	1122793.3033378415	458.01832365989685	940.6309411078691	136.24640201325983	-0.09143575152038919	71.93083708378848	931.165777463188	954.003248386085	1029516.0871018626	739.4415542185307	1053.8587690666318	96.44314799378593	0.1838347544219475	0.5262386597581395	0.5434936126609666	0.48446484328345474
sub-001_ses-046_acq-undistorted_T1w	0.6135286923851938	1.5892602706884165	0.5215105992572305	14608.441198224851	4.746154225081035	4.386390952005039	5.296871791115835	4.555199932122231	0.27661982710006233	0.37718515719047147	0.3461950157094662	0.6056222319602966	0.2900165855884551	0.0	0.00041347022916180177	4.692593550087853	4.594274346129493	4.671538224351157	252	288	192	1.6487770981563108	5.110015586636767	5.654975338828451	10.206133331692277	38.49693807514545	83.50222428711618	79.0234032365583	115.07104734741327	0.7986109852790833	0.7986109852790833	0.800000011920929	293.7034595753481	0.0	3.78114086896067	0.0	5335782.0	0.0	12.467042233794928	5.435906737380071	-0.6918140981395275	164.6638725466879	337.863437706047	319.423199582845	807384.1212563496	44.85531122237444	684.6782411113381	193.7332839753281	0.17673099065182907	89.3296682543726	692.684864816193	692.8485481627285	1100909.1787878508	463.0708689764142	942.3846989832819	135.58632488391117	-0.179086339805671	71.37686620649221	933.1990756044503	954.7866391688585	1010456.7032384373	748.5107993893325	1053.4162422195077	93.55023451936525	0.1770921156846777	0.5179832268589908	0.5427668511221312	0.4936634296581786
sub-001_ses-047_acq-undistorted_run-1_T1w	0.6508582441127656	1.448967564871317	0.5265729754628132	613.4668007537641	5.36294291866907	4.963693303836431	5.85193553074758	5.273199921423198	0.2706524026938306	0.3767127641067632	0.3526348331994063	0.78160560131073	0.6259460791945457	0.0	0.0005090644472593722	4.635224362163549	4.525565845678429	4.600468305117397	252	288	192	1.5445492550133646	5.087953151894891	5.493056698958159	9.84666768996622	7.050039007268475	15.575595711653188	14.582646978654894	21.122306217043025	0.7986109852790833	0.7986109852790833	0.800000011920929	592.6250228454281	29.495286367403523	26.38435302142562	21.424596667289734	5025958.0	0.0	73.52532038092613	37.15325284225512	-0.7748265103104135	176.66232708867915	335.5210521818179	317.4040084183216	799770.272218645	21.21591553092003	697.7601596415043	205.49931247160228	0.37658640271690924	90.44533616857653	703.8076866071037	701.2381785809994	1113175.6707097276	473.7757399380207	955.1335611641407	137.82317617209955	0.08889593157072717	72.08812996788483	931.7413250313562	950.9599384367466	1042026.0590137901	746.5219851732254	1063.5781916975975	96.57678232630204	0.18192664221366808	0.5204348504427444	0.5398146325985562	0.2954550366320157
sub-001_ses-047_acq-undistorted_run-2_T1w	0.6619494098153131	1.2896968895240402	0.5370916174262828	482.1522094525805	5.432876636915476	5.02090513893789	5.953774851141574	5.323949920666964	0.26968090283927154	0.3766203816097218	0.3536987155510067	0.8096367120742798	0.6491843581199646	0.0	0.0010731627556535594	4.642595680247638	4.536058464966174	4.615241806188087	252	288	192	1.583239045100348	5.096442633057491	5.526398522559642	9.899513889521089	6.449891520294054	13.497389580541064	12.748052204163528	18.29687551165546	0.7986109852790833	0.7986109852790833	0.800000011920929	254.15324016722997	33.82052664628803	35.27907130527468	22.81159856915474	4292845.0	0.0	81.62704548239708	95.45232192049131	-0.6082351867981339	174.80730037659717	348.3050450386703	332.96688754856586	794709.9781263884	19.582245759665966	707.5718134492636	210.30726793238975	-0.006316080308432337	93.71953167043671	701.2809534937155	696.7844008728862	1109844.9021783264	477.60066763311625	948.6739200130105	136.71969589974313	0.478424911568077	70.28964875282753	930.195691787179	944.551341958344	1042298.1217413055	749.759528875351	1067.060619816184	95.41386570992123	0.18872414486111955	0.5220338479279156	0.5378683582289772	0.2821228477025058
sub-001_ses-047_acq-undistorted_run-3_T1w	0.6595328841211009	1.348779232502968	0.5455696365090646	364.0876552227904	5.3606633060277025	5.00546583215739	5.866986663553873	5.209537422371843	0.26802779701407137	0.3769358912735385	0.35503631171239025	0.7628157734870911	0.6081685990095138	0.0	0.0008850553766432568	4.622424145289204	4.516684975105261	4.594843014751496	252	287	192	1.6021458686128607	5.1202116141727565	5.608096989559441	10.101933485892706	6.283476110920726	13.206711091713018	12.458100143412958	17.88411322760513	0.7986109852790833	0.7986109852790833	0.800000011920929	233.34568151144384	34.70528607647348	36.443852779127006	23.408359736204147	4311339.0	0.0	88.74597921967506	79.26772094923841	-0.760420582743436	172.1916116871184	347.54873960889574	332.86173075437546	790743.6481881394	27.717041335999966	704.5659045875072	207.75980939154053	0.24338430120764087	93.81868543749972	703.516688505454	699.6141361817718	1112047.5753603932	479.80706591159105	950.4822991788387	136.63767717801448	0.5889270670139042	69.60126053798253	932.9415347185808	947.3954825103283	1047438.778702412	755.5626882985234	1065.5948374420404	93.78353476484543	0.19107632227553809	0.5258302186797409	0.5416562939224152	0.2813877995850273
sub-001_ses-excl027_acq-undistorted_T1w	0.6043479216888554	1.6068331756975995	0.5363051282945149	10137.548415604091	4.688190719636688	4.331933899946329	5.241600825885405	4.491037433078327	0.2754276640200289	0.37846059798526605	0.34611173799470507	0.6272808015346527	0.3208010226488114	0.0	0.0016580469916406269	4.6642425563433205	4.568974300797709	4.647558642600555	252	288	192	1.6490481571607065	5.074941897301615	5.615485806299428	10.12246736443596	25.917386059421997	55.784271064042365	53.09820923798204	77.59297059048176	0.7986109852790833	0.7986109852790833	0.800000011920929	440.26667608924464	8.068515236638575	7.545745598740515	5.644943155348301	4854863.0	0.0	17.306652069091797	26.49249079550261	-0.8011619874789142	164.27697481802016	335.12407226522373	319.19280368834734	808507.9931571914	40.15684112906456	679.1170834377408	193.56172523285758	0.03117139261955959	91.00884266916555	687.2570619286729	687.0267642661929	1110957.4619341316	459.3023209273815	936.6887411847711	135.37622084434474	0.0058425142754825465	71.31364709153225	934.3549377133354	955.6178918853402	1015998.5478942206	747.6676506176591	1056.0775988176465	94.40558187992787	0.18204302315742127	0.5229260805747333	0.5450025110432767	0.4777605029235813
sub-001_ses-excl029_acq-undistorted_T1w	0.5963037854597828	1.650305239847789	0.5307640872844608	14122.38998988025	4.688261922984805	4.344505728014148	5.2368676077483185	4.4834124331919485	0.27565501506683565	0.37930661234894325	0.34503837258422104	0.5944182872772217	0.292930269241333	0.0	0.0015604950672338288	4.661805272647513	4.569811012542702	4.648278527331214	252	288	192	1.6600783802348271	5.2655531596395	5.76189865059087	10.360064411898282	9.40825676098459	19.82084564315995	18.909225970459698	27.498575507234552	0.7986109852790833	0.7986109852790833	0.800000011920929	540.5391675410443	0.0	4.858193322217805	0.0	4923763.0	0.0	12.494215473532677	22.811678199526323	-0.8027532787592238	166.6175538901014	342.7576892228802	327.5930411592126	809522.9750801546	41.052422270178795	688.2065089270473	197.335766023122	-0.26174434982519434	89.67944812320162	691.2878516043902	690.1566642522812	1113919.212468679	472.40033742785454	933.033635944128	131.07005732174335	0.22850478261600005	69.73434681929832	937.14369082098	957.493211209774	1013282.8159265306	754.1151482239366	1055.9264749139547	92.4215044106423	0.18123493273936533	0.5234128752596213	0.5443913858931847	0.4911186953338874
sub-001_ses-pilot001_acq-morphobox_T1w	0.5892656996026928	1.7572817096961506	0.5135904782731019	-1.0	3.9784454267968825	3.8407362803906464	4.29739	3.79721	0.27324702731867634	0.3804694394593247	0.346283533221999	0.5776146650314331	0.2194190919399262	0.0	0.0022251483703932566	8.021020229951876	7.929422471021599	8.022187785232118	176	248	256	1.8600047540529077	5.077840889736648	5.59548469262684	9.848608434090966	55.129958310329954	105.11908932861837	103.5270666860719	150.33215241926737	1.100000023841858	1.0	1.0	193.62065808854908	0.0	1.767059711520681	0.0	2952225.0	0.0	8.052576258778572	4.150832771543578	-0.807699721514163	151.9382150441612	365.3791652313306	349.29403655231	376039.8268229315	77.02307246625423	680.4607489705086	187.7917630873481	-0.6560122293965396	94.011101345154	670.9194071804462	666.016665995121	523598.2383034086	460.11626318097115	913.1910359114408	131.16126409971835	-0.5648471505626276	74.79129190158322	928.1324219302587	952.478941604495	476551.9359614754	736.1065786331892	1048.7487546354532	96.71193129809556	0.2071310413286331	0.5427733266279035	0.5591541594266758	0.5247378996160503
sub-001_ses-pilot002_acq-morphobox_T1w	0.5508304150828777	1.8368864388960444	0.5189172434381064	-1.0	3.8793317513502643	3.811945254050793	4.13639	3.68966	0.27238307532595535	0.3821723623129996	0.3454445623610451	0.5654084384441376	0.2293762996792793	0.0	0.0016846446735739977	8.031754042937413	7.946113687890054	8.039646867366784	176	248	256	1.8324254939197908	5.145992818105275	5.6508985652432395	9.974277383704655	59.143132156202036	111.94147701097391	110.96193090127944	161.80118353666236	1.1003069877624512	1.0	1.0	250.0571170851064	0.0	1.5618572661446228	0.0	2699766.0	0.0	7.87458162009716	3.8798445606825362	-0.8137028214814102	152.99946646534121	366.3328220694075	350.2570756226778	374312.0910438516	71.98590138554573	682.9671383202076	191.1437102991948	-0.6015192433483194	91.37320053017243	668.8738441813435	662.9390928298235	525185.8468275248	463.0541648566723	908.9208867251873	128.8261536918489	-0.47144830653322156	71.27536120702482	933.5586454387887	958.2179250866175	474714.0633549107	739.4196184277534	1052.2814206033945	96.0688056854693	0.20940591160090063	0.5403065066470613	0.5555757798657394	0.5357869180111516
sub-001_ses-pilot003_acq-morphobox_T1w	0.5606203474889733	1.7840191132200638	0.5125661252333525	-1.0	3.7662948217122163	3.7056544651366483	3.99545	3.59778	0.2724316582573142	0.3810791639733905	0.34648917776929533	0.5660754442214966	0.20471412539482114	0.0	0.0012205805854003933	8.009656508395034	7.918964369030118	8.006415468805178	176	248	256	1.872818282377547	5.392236485540067	5.724365412381645	9.90804146922732	56.91712332112615	108.25762510360919	106.23009969208523	153.51555065152039	1.100000023841858	1.0	1.0	6.633097595240017	0.0	2.271528800327591	0.0	2917440.0	0.0	11.09805016592145	4.073832254186994	-0.8045441336222798	154.03193570165178	370.4055446727491	353.9275375343859	375685.7089211291	82.3191820718348	686.6616023220122	188.98099715403526	-0.5368351694722269	85.85806732122022	679.7234504484029	673.1779899708927	525511.5972505398	478.97939874976873	914.6037977859378	124.841955889369	-0.48091129440190983	71.91574235920714	930.6747804952242	954.605181094259	477811.6949272067	735.9286474511027	1050.4425488822162	96.34640560640213	0.20665174606714562	0.5413191177784273	0.5612883628643177	0.5280959789338369
sub-001_ses-pilot004_acq-morphobox_T1w	0.5671825116427506	1.7658545574835136	0.5133647074125559	11662.258129552549	3.859942396928851	3.7805271907865525	4.13404	3.66526	0.2725809835615402	0.3804364270884663	0.34698258934999354	0.6186967492103577	0.2534183859825134	0.0	0.0012250095541061923	8.00866340421711	7.918345407429283	8.011574662891846	176	248	256	1.8347555720387572	5.033139347581104	5.595801531247868	9.91950967412374	48.76962690400216	92.99623677280357	91.70980201532342	133.36354236916452	1.100000023841858	1.0	1.0	6.258715936368187	0.0	2.629881016607013	0.0	2744670.0	0.0	12.320161879062653	4.6987922520015335	-0.8236609406962887	153.93827004716897	366.16078601507365	349.7872275598347	375671.38438314555	75.74467944726348	684.3768870122731	190.6448833516154	-0.5595820812333665	92.47111537962257	673.0414733548289	666.9908690974116	524317.8646093451	459.93920120224357	922.0263253636658	132.5197231747279	-0.3648740324765245	71.74172304306	932.9239303758338	956.514673255384	478211.75195272313	739.4123469851911	1053.9006896875799	96.42751553080507	0.20969849809612298	0.5397580978474774	0.5564130035410689	0.5105342850962579
sub-001_ses-pilot006_acq-original_T1w	0.708774632010076	1.444084230526334	0.5099872356495898	24345.455463728194	4.327204102186301	4.283412436172181	4.3001374359229585	4.398062434463763	0.25681463201114996	0.38100564295088896	0.3621797250379611	0.4844343066215515	0.20069006681442264	0.0	0.0028982812307107382	8.162530928082115	8.046957270490868	8.111756319715344	240	320	320	2.274647303700131	8.108420396313049	7.7887727183026625	12.983250454894806	69.52403449374351	114.9392993385543	108.39627354206361	140.725486793893	0.800000011920929	0.800000011920929	0.800000011920929	5.92006127596464	0.0	2.4782053500356866	0.0	6708674.0	0.0	9.804354675114155	4.398420033426764	0.04172041120730974	157.14549180908125	472.656794406923	466.76677730306983	765925.2431171273	102.54825025051832	799.187397301197	205.20388890000592	-0.11448710912811055	64.42965164172331	776.4952653945063	771.6733749471605	1136313.1353570507	622.7090131491423	949.609163172543	95.16934219969596	-0.32360977620476916	58.274786545867634	933.8376761243279	944.7953133545816	1080166.6236048064	797.1117005906999	1036.3909511752427	72.77028809534512	0.20159170574682603	0.5208544956120432	0.5543103133630325	0.44036640139597266
sub-001_ses-pilot006_acq-undistorted_T1w	0.7003228984684824	1.4625415240858592	0.51729293949595	23377.55262468338	4.445995767082834	4.3818749347049755	4.428587434008905	4.527524932534622	0.25990839163709606	0.3800143486442135	0.3600772597186905	0.4806053787469864	0.20560767352581022	0.0	0.0011010463815022337	8.150121169625141	8.036795459462828	8.101436458346662	240	320	320	2.2906107092515207	8.13560589602476	7.861725061083615	13.158958577974568	71.21048903799463	118.07297192440289	111.3352781940626	144.72237361979023	0.800000011920929	0.800000011920929	0.800000011920929	4.462923180615607	0.0	2.335096896386736	0.0	6695100.0	0.0	11.571681946516037	4.282331689851216	0.04974089798859316	156.85669783539106	472.1362795352769	465.4709062986076	776383.273391492	104.59973930940032	796.6276471465826	203.2080809933197	-0.05153688507538945	64.39702711913907	776.470268163952	771.7898583970964	1135156.8222856114	623.3003825619817	949.4978311471641	94.86564717024622	-0.3278317661833494	57.59581873643266	934.7696836879287	945.984999127686	1075601.9065539658	799.1072932779789	1035.4175696000457	71.88901414768245	0.1958363580618641	0.51854240182355	0.5518562432036767	0.45463573076749175
sub-001_ses-pilot008_acq-original_T1w	0.7117524850673381	1.4294577837710614	0.5013894803769359	-1.0	4.244558270084486	4.219612437122875	4.187424937602506	4.326637435528078	0.25610704925237443	0.38147839319873234	0.36241455754889323	0.46179139614105225	0.18042164444923403	0.0	0.001392666350383186	8.191953760488278	8.074981422832407	8.13982678059987	240	320	320	2.295810311866769	8.254025309871736	7.848954086449307	12.997026637609416	63.5641681417702	104.19152115692009	98.26243126311249	127.0316044906472	0.800000011920929	0.800000011920929	0.800000011920929	7.308603023431941	0.0	2.3326762440890585	0.0	6696728.0	0.0	13.889473378658295	4.845998258955439	0.11017379033482477	156.44108503332947	476.5168844408976	470.1797185242176	761029.5245149729	101.68778085708618	800.4124704301357	204.79889265394195	-0.36194121965535864	62.65131606440479	775.3809756600238	770.6974152624607	1133574.1090932721	624.2686944007874	945.2838867008686	93.37226945491602	-0.3542983700684337	57.596777616977704	928.8130240673006	939.643918722868	1076925.3685670716	793.04684060812	1031.0619071424007	72.2968036197915	0.20224047557815888	0.5182935042052456	0.5530854150633536	0.43602664010468545
sub-001_ses-pilot008_acq-undistorted_T1w	0.7096612982236846	1.4321680653866646	0.5068672301067291	-1.0	4.339449935337157	4.297874935956672	4.288012436103636	4.432462433951163	0.25587576181911303	0.3815353921211393	0.36258884605974767	0.46584853529930115	0.1834041327238083	0.0	0.0010554426773018313	8.193109166432299	8.075847895807273	8.140390716736036	240	320	320	2.299818095141782	8.234024858047265	7.8455872143964	13.002918690000156	74.93789128597102	123.53385925164399	116.39099004989527	150.70121961207076	0.800000011920929	0.800000011920929	0.800000011920929	7.494259185496386	0.0	1.8850087980244445	0.0	6673662.0	0.0	9.514281716197729	4.0835549822137756	0.14608540347648846	155.40700826978488	474.26807538274716	467.0981482900679	760315.1244035419	102.4520722143352	797.2804742865264	203.1020810309448	-0.401920574436855	62.59869363107033	774.570938541968	770.0034777782857	1133703.040345065	622.9200325347483	944.8130916282535	93.5147939745453	-0.3749552617931413	57.57384685023974	928.2484652309812	939.3413587957621	1077404.837563873	792.2170797251165	1029.8291196674109	72.24077495695606	0.20220827257874632	0.5199686591819823	0.5541463005381213	0.44668828520942155
sub-001_ses-pilot009_acq-original_T1w	0.7203189673860687	1.4194147293321029	0.5091927175011481	25730.275208308176	4.302487435887941	4.25801243655067	4.321799935600162	4.327649935512991	0.2582532628189638	0.3798012872731262	0.36194544990791006	0.454229012131691	0.1806138336658477	0.0	0.001023345994339146	8.214138592168602	8.09763045343169	8.164364064588273	240	320	320	2.3393580530621265	8.049422057160786	7.895024186433381	13.29629244907723	70.9254087512955	115.91749231693215	109.39457171303214	141.34081407086876	0.800000011920929	0.800000011920929	0.800000011920929	6.208481607850176	0.0	2.4830784291515493	0.0	6735801.0	0.0	9.833302237093449	4.390981271818158	0.08678622719007789	154.25838967597514	481.9191055681847	475.36992529034615	765207.5173644403	114.95598567649722	806.1903076954186	203.20515453073378	-0.21308892164756887	65.04955496237115	780.9638720064086	776.9245272278786	1125355.772677372	624.3678668066859	955.3755502067506	96.51925026667253	-0.26647182659926694	57.69069388871977	936.5649208069507	947.3216074220836	1072448.7122532087	803.1934917755425	1036.8983082771301	71.2470163684486	0.19941356701395196	0.5160811608825738	0.5485065094285595	0.43569367273980275
sub-001_ses-pilot009_acq-undistorted_T1w	0.7209223397928879	1.4232521789940078	0.5164924812487103	24428.761493971182	4.40911660096571	4.348187435206958	4.43298743394334	4.446174933746831	0.2570385543006887	0.3800938062308398	0.36286763946847145	0.45433658361434937	0.18817752599716187	0.0	0.0011130283010409023	8.209219248121313	8.092560378542387	8.15866608359184	240	320	320	2.3477770426120963	8.0548611160315	7.916454008455536	13.34672386672301	72.04767704558981	118.60843087415891	111.76769952887078	144.64699066686364	0.800000011920929	0.800000011920929	0.800000011920929	4.255001560001129	0.0	2.3742505711665087	0.0	6723475.0	0.0	12.044046521186829	4.291136752238686	0.0754976594987613	153.56615879202792	479.1943007241131	471.9115513712168	762199.2530992061	116.2250489294529	802.2195272147655	201.00343143051398	-0.09225170015643824	65.17633483615138	780.5091139369729	776.8840150684118	1127096.3455461834	623.580508634448	954.7057590633631	96.4490460155217	-0.33738114228341587	57.778629512282926	936.4796015581167	947.4363166987896	1076015.4037171998	803.5959896743298	1035.9600586295128	70.98639980172902	0.20135007316746828	0.5189381356466483	0.5512236662141242	0.4462498480489485
sub-001_ses-pilot010_acq-original_T1w	0.7212962621682991	1.4210334663044184	0.506882399641611	23921.777777777777	4.360095768362844	4.31188743574787	4.391549934560807	4.3768499347798535	0.2571698963261128	0.37990927793221585	0.36292082574167134	0.4575919061899185	0.18343793898820876	0.0	0.0010111843368466097	8.195472477420875	8.078856545150522	8.14537918139959	240	320	320	2.338109955049447	7.980307764028602	7.804093739578444	13.093863499657282	55.50097709351172	91.43206773125804	86.22949184005796	111.75543069540414	0.800000011920929	0.800000011920929	0.800000011920929	3.4641215285707423	0.0	3.557936336916371	0.0	6694621.0	0.0	15.249038878828287	5.521373345896539	0.09177043504590676	153.13412737264343	474.45309130840747	467.75238804519176	763827.5103828448	116.41971608623862	795.4123310931027	200.05563931889492	-0.46190163407307905	65.3269803095342	774.3740880724322	770.573245100677	1128379.1846551502	617.5212769769132	948.5938944481313	96.55929651267344	-0.32132972517441694	58.21786774643784	931.3151516656018	941.8549424223602	1077921.3070911812	796.7946802265942	1033.2627788744867	71.93098550035116	0.20306915657326813	0.5208880767122288	0.553485869871924	0.4404735449200994
sub-001_ses-pilot010_acq-undistorted_T1w	0.7185442224084438	1.4306370729512388	0.5093236419447446	-1.0	4.453762433633767	4.390149934581668	4.493212433045917	4.4779249332737185	0.2583518267772529	0.3796042398055789	0.3620439334171681	0.45533300936222076	0.18718232512474048	0.0	0.0009196358417163983	8.195888809664629	8.080164819425786	8.146237100552105	240	320	320	2.3288298929724736	7.98168261210733	7.8067533885303915	13.109747660511369	80.64747961310505	133.70179880297908	125.98323009370439	163.60041186502906	0.800000011920929	0.800000011920929	0.800000011920929	9.51953629735758	0.0	1.5863433755040102	0.0	6691394.0	0.0	8.736894987523556	3.7714124388739116	0.08646733871747259	154.02137956527707	471.60024129956383	464.2619579322636	767374.6811778939	113.41321779042482	792.6860009394586	199.3540433472411	-0.4685389944351934	65.38352516587653	773.429073514643	769.6788441389799	1127527.0863315254	616.7831818573177	947.5786677896976	96.43060745845636	-0.3342900740315504	58.290029511088036	931.1630635919506	941.795675393194	1075368.2350306166	796.6384058147669	1032.7425917871296	71.83931086144597	0.20041628091178848	0.5202900057125395	0.5531182078518924	0.4509901581862374
sub-001_ses-pilot011_acq-original_T1w	0.7911818422086405	1.2833771211713079	0.5022856032682897	-1.0	4.283562436169945	4.20122493739687	4.37994993473366	4.269512436379307	0.2561595552285271	0.37763256422087044	0.3662078805506023	0.47964873909950256	0.1758666694164276	0.0	0.00028527470813701503	8.178382530787278	8.049739303082577	8.117299002648533	240	320	320	2.3767158109598756	7.843001326624864	7.633284118346012	12.680135217453294	56.19373667870861	90.82645697622216	85.46592358019574	109.37757708565643	0.800000011920929	0.800000011920929	0.800000011920929	7.183865414034978	0.0	3.244833206176474	0.0	6699237.0	0.0	15.309898186475039	5.6076345756896915	0.2281057605882415	151.48326959862655	486.06373584915923	480.98982248082757	762084.1551396865	122.98797364905477	809.3894512541592	202.37569198952772	-0.4707287059790257	65.48959821941529	780.8112454623351	777.428304284811	1123470.8515977548	619.7964824736118	955.781680136919	99.12378258200673	-0.2163754226249841	60.14070956903372	928.0446761739066	936.2164628170431	1089481.9949461764	794.9121155068278	1036.725250609219	73.83328466931707	0.20410650647126835	0.520213754107118	0.5494135684610137	0.4179434234978319
sub-001_ses-pilot011_acq-undistorted_T1w	0.7919540050043481	1.2878394855880444	0.508842451438853	-1.0	4.390016601250322	4.284462436156534	4.49586243300643	4.389724934588001	0.25629387517219765	0.3775746090540554	0.3661315157737469	0.4711354970932007	0.17333213388919833	0.0	0.0003333873996166161	8.186464835314672	8.057946196481945	8.124818404857326	240	320	320	2.3819701399945497	7.885029176845163	7.666925167691033	12.733776186233383	59.56434222684358	96.82216750758693	90.9836807107195	116.56453239772796	0.800000011920929	0.800000011920929	0.800000011920929	4.35116510990219	0.0	3.0237492707469262	0.0	6703203.0	0.0	14.782982587814331	5.259289659226273	0.12415657389297641	152.08300580763083	483.9661153454364	478.16932341456413	761858.9175974382	124.10829567909241	806.2312102615833	200.74517374011	-0.44864419928318444	65.43328318577163	780.514247467074	777.2668780982494	1122377.9061162805	620.3266094624996	954.6196953654289	98.57497219181772	-0.24004870086523988	60.08138855324503	927.5390109620391	935.7542030513287	1088362.178449574	795.0580257475376	1035.496361732483	73.48596044682225	0.20317708514587784	0.5210476664440966	0.5507296692160875	0.42781641714802154
sub-001_ses-pilot012_acq-original_T1w	0.7190077476149229	1.4088619007742975	0.510370679095818	23231.56607709751	4.298174935952203	4.2852499361448	4.2326874369280425	4.376587434783765	0.25525939836486755	0.3810680622481785	0.36367253938695393	0.4599926322698593	0.18995510339736937	0.0	0.0009748127145659432	8.193148197970423	8.07371139676653	8.139064519844574	240	320	320	2.321541854619356	8.12660016098655	7.8026165473701115	12.959707626504427	57.701679197624	94.56374144190931	89.16029789427846	115.21547304330204	0.800000011920929	0.800000011920929	0.800000011920929	5.259797958329084	0.0	3.273549687757885	0.0	6741715.0	0.0	14.75983339548111	5.354842043405951	0.08940949324415692	154.06616991653456	478.01439447230115	471.63213300704956	758381.2887583412	108.26721721887589	801.2115342020988	203.15456347337692	-0.32232459060581053	63.37204526123466	777.4460307837284	772.9289632737637	1132161.5971974062	622.9417545497417	949.9189885854721	95.11094511986757	-0.35377231602485804	57.996173158235706	930.7213976750226	941.7285608053207	1080479.1160404796	794.5141531527042	1033.3589715957642	72.66584649542072	0.20532804187412013	0.5212872975872589	0.5527266817633761	0.44066510528907915
sub-001_ses-pilot012_acq-undistorted_T1w	0.7096987477134002	1.443807858721216	0.5134379236911584	-1.0	4.406370767673292	4.375812434795313	4.347012435224467	4.496287433000097	0.2581887101293228	0.3806635450165204	0.36114774485415685	0.46473708748817444	0.19906030297279353	0.0	0.0008496542893273623	8.189285524080683	8.074086811403125	8.139226308888185	240	320	320	2.3263938676180556	8.202178245050082	7.901656237098621	13.176396598627727	84.01890155316839	137.94503072204856	130.1418241807011	168.46154026688632	0.800000011920929	0.800000011920929	0.800000011920929	14.316475102714062	0.0	1.44184494760338	0.0	6715221.0	0.0	8.529228027909994	3.6666199562914676	0.09953632260455647	154.3978895023793	477.20284931040385	470.230903275311	767500.280556926	108.34199894964695	799.1262572295964	202.12854043388253	-0.1156279664529567	63.65905791708167	776.6758177017387	772.0407574921846	1131573.0166963353	624.4643096141517	947.7012488767505	94.12626661971782	-0.37159286792190027	57.55222968666395	932.0835227853452	942.8333480022848	1073559.7050670062	797.5452295951545	1032.9103171750903	71.5546850635101	0.19839794097791216	0.517501480954664	0.5503083693301186	0.4518734172166943
sub-001_ses-pilot013_acq-original_T1w	0.7464600570152669	1.3607263942376147	0.505826629182851	-1.0	4.1064082721430815	4.079362439212763	4.05526243957188	4.1845999376446015	0.2567918473985778	0.3802099845453793	0.362998168056043	0.4632859379053116	0.1624207466840743	0.0	0.00033303217183621445	8.224752868187192	8.101879836011042	8.166999976841044	240	320	320	2.3406952689802156	8.204921714778422	7.780781793048969	12.79672839538827	44.63889187480062	72.58824747753823	68.35968687984295	87.85192128719	0.800000011920929	0.800000011920929	0.800000011920929	277.88083519871196	0.0	3.560901338094805	0.0	6681424.0	0.0	15.948614832013845	7.006637131811501	0.21138772476354095	154.56999406201558	483.5556421814344	477.4097689166665	759978.0408181818	111.07227096706629	806.7814363241196	203.96053307276915	0.21067721278111673	63.097725991786746	780.8215243219813	776.3261362202466	1125235.2521371706	627.7636966891587	951.0180871747434	94.6170869443125	-0.3142434172961588	58.757328002618664	929.893815509979	939.5700403638184	1074296.709083719	794.4594928100705	1035.829762212932	73.42264163447526	0.2014158180824081	0.5179450431325723	0.5522967551808937	0.4277756736250767
sub-001_ses-pilot013_acq-undistorted_T1w	0.7497374900112445	1.358991678766781	0.514195367492792	-1.0	4.213979103873485	4.167299937902392	4.170024937861786	4.304612435856276	0.2568732084208166	0.3799188222175781	0.3632079693616052	0.4590827226638794	0.16238005161285407	0.0	0.00035196571618719086	8.225039136351523	8.101857436172734	8.166545168758406	240	320	320	2.3449694279451374	8.217321610784733	7.8080696096161075	12.86191779011845	50.490480855846144	82.52717591018603	77.60502697679051	99.79742416433939	0.800000011920929	0.800000011920929	0.800000011920929	317.26268405519914	0.0	3.0173203228485246	0.0	6669192.0	0.0	14.11168758943677	6.164548808041836	0.2633535230933526	154.5010657990665	482.4159828882263	475.0934821777046	760265.0667680635	113.93881090730429	805.1702773608267	202.60100795488506	-0.0010946849080357701	63.064092444217735	780.9309426212759	776.5448598004878	1124441.9397234577	627.949995610863	950.7498236894608	94.50092758678282	-0.3400507115541007	58.772396172021445	929.4741503310636	939.0503903888166	1074982.9955992252	794.9181966334581	1034.6962729394436	73.01010385369091	0.20111744794450592	0.5183517154262721	0.5528191553263064	0.44385534842179275
sub-001_ses-pilot014_acq-original_T1w	0.7605665618096534	1.3234566936236756	0.5066418736809541	-1.0	4.147537438196877	4.1246124385384855	4.104587438836881	4.213412437215262	0.25654665476002986	0.3790583967741138	0.36439494846585635	0.5011704564094543	0.20055487900972357	0.0	0.0008165067273632556	8.170511060748796	8.043943295341116	8.109726825888451	240	320	320	2.3095141015789644	7.943835504946569	7.62816484929571	12.631144941361597	40.75227044007534	66.77833208617393	62.77168491475165	80.78445221800565	0.800000011920929	0.800000011920929	0.800000011920929	77.95945675973466	0.0	4.004195863054971	0.0	6943528.0	0.0	18.580143816769123	7.653148900715156	0.3139253931358468	155.27715645671685	483.1433841535222	476.05841122567654	764163.2068381209	112.35902890190482	811.7489200346172	206.12911582141595	-0.04891776265616965	64.961493522051	784.6107733439986	780.0887247249484	1129083.0524715662	626.1323589198291	960.205193515867	98.20046988470425	-0.09907433476399197	59.479510946350494	934.1157861879833	943.7049165442586	1085405.742810194	797.3747291713953	1042.0595086887479	74.7125051767429	0.2013536732085846	0.5187663038305383	0.5503427980406886	0.4165918550559047
sub-001_ses-pilot014_acq-undistorted_T1w	0.7570567119999381	1.3320618863895874	0.5133414830233994	28422.410637119116	4.24510827007629	4.205149937338383	4.207249937307091	4.322924935583399	0.2567958801334973	0.3788651270991642	0.36433899276733855	0.4951200932264328	0.19725560694932942	0.0	0.0003601762779062491	8.178679364455924	8.05253801030199	8.118128113234924	240	320	320	2.312602318484279	7.928951723827666	7.63950110199536	12.676949263674134	45.2461804240409	74.56838163784633	70.04097578395586	90.30836528998033	0.800000011920929	0.800000011920929	0.800000011920929	84.44401353233192	0.0	3.4302492406122487	0.0	6966673.0	0.0	15.632164441049099	6.840898645615174	0.264175328896628	154.983291460176	480.4978143867231	472.458154335618	764219.4039586501	114.4466564245522	807.7200498059392	204.29705593894823	-0.15122021597158142	64.99716985213729	783.0835067185462	778.6389841139317	1127495.0418282563	624.3259418383241	958.8891930878162	98.20196489252966	-0.15764742781397034	59.42968319149605	933.1151636988847	942.9950370639563	1084265.5565455484	796.6290728002787	1040.019253231585	74.38655646526342	0.2010075359884568	0.5197133787385755	0.5513298780925379	0.4354822403714068
sub-001_ses-pilot015_acq-original_T1w	0.7554347861078556	1.3398520895030386	0.5039977442332786	-1.0	4.168824937879667	4.152287438126096	4.103774938848988	4.250412436663919	0.2551426946628361	0.38049211207422273	0.3643651932629412	0.4719697833061218	0.17929275631904606	0.0	0.002226147929532674	8.162769236453078	8.037007169616258	8.100926556135125	240	320	320	2.286746117681253	8.194191833450336	7.717016546223718	12.670111687539565	47.90295939602606	78.32574575672042	73.60980163793528	94.60069976105936	0.800000011920929	0.800000011920929	0.800000011920929	289.8431556523836	0.0	3.0863471448746744	0.0	6717080.0	0.0	14.906721852719784	6.501839196439229	0.1348787597215324	157.68281668757663	481.2893299856468	475.4083867520094	760819.952306384	102.02624597400427	810.0062721706927	207.8971822208098	-0.17621153153546	63.05989269964772	782.2787102843076	777.336450625211	1134604.268971185	629.6527901142836	952.7359023652971	94.86427995174476	-0.26730602942005444	58.95736033094031	929.3975037414574	938.8556912988424	1086514.7807847324	793.2696832641959	1036.8205250315368	74.09999867427038	0.20187490140392783	0.5193868500989839	0.5516796548020653	0.41571479388166477
sub-001_ses-pilot015_acq-undistorted_T1w	0.7504289982061365	1.354141907213591	0.5110990957114803	-1.0	4.265416603107007	4.230549936959894	4.2066499373160315	4.359049935045094	0.2556785141427796	0.3806555668374747	0.3636659190197456	0.4647811949253082	0.17730207741260529	0.0	0.00044291650039580537	8.166256664445173	8.0416031624756	8.105140286167556	240	320	320	2.290529279563626	8.221245649919345	7.744729841929666	12.722414596306029	49.72274608429337	81.77257168534358	76.79491582733802	98.88942971237711	0.800000011920929	0.800000011920929	0.800000011920929	250.80988722780094	0.0	2.910445621674342	0.0	6716631.0	0.0	14.77224326133728	6.219376056259432	0.06505480821250753	157.66455002203048	478.6266144436565	472.03064346313477	762200.9179744895	104.4699854850769	805.7896842956543	206.07915298214982	-0.19103815788135892	63.053196746200335	781.0849776807876	776.2877690792084	1134768.8852478275	629.1187634468079	951.0855524539948	94.42455074190718	-0.2967251352058162	58.88752008428921	929.0975468868614	938.7824449539185	1084121.1990073444	793.1460063457489	1035.547024011612	73.7896100522515	0.19962694886731577	0.5194057401619939	0.5516598559292776	0.4276295376977971
sub-001_ses-pilot016_acq-original_T1w	0.7364610654472852	1.3616196497378512	0.4998924665799386	-1.0	4.22734175405923	4.187687888753181	4.2164124371705585	4.277924936253951	0.25691270535228744	0.37875969869223247	0.3643275959554801	0.45743638277053833	0.16835049390792844	0.0	0.0010961714635461515	8.16509816464329	8.041705977934063	8.10659831058078	240	320	320	2.2825730206758874	7.885128302915836	7.662733629955722	12.820499566275444	42.50776472900353	71.12848266481458	66.70945130540902	86.49210652240892	0.8002434968948364	0.800000011920929	0.800000011920929	811.5423764828679	0.0	2.5915808771805717	0.0	6715418.0	0.0	13.873084910213947	7.145575502638079	0.12925961963726174	154.16467230848548	471.7429736137878	463.63237078487873	766018.3732781059	104.59518276154995	798.643301345408	203.11817583065007	0.6018530961129507	64.49481661390344	780.1959040943468	775.7986631020904	1129320.9024352606	620.0875081792474	956.8927494063973	98.387532810971	-0.23631767393464864	58.914782178495294	932.9622127485085	943.3697738945484	1086289.7263545361	796.3675902560353	1037.8555477783084	73.58288456711404	0.20270185430103102	0.5202810686987708	0.5526651724519309	0.4282762414738426
sub-001_ses-pilot016_acq-undistorted_T1w	0.734226914840042	1.3765051257319785	0.5058697509543775	-1.0	4.32344609075587	4.268138401940495	4.31807493565567	4.384124934671448	0.2580793437012428	0.3786195655763986	0.36330109072235856	0.4505523145198822	0.1684015989303589	0.0	0.0006925770316301126	8.173164966712685	8.051470118628552	8.115814931363957	240	320	320	2.292860038697357	7.955429406330933	7.723359808182322	12.921789979518675	46.36696885547431	77.89515253699832	73.00676659166062	94.75817838250921	0.8002434968948364	0.800000011920929	0.800000011920929	1017.4050710099488	0.0	2.1053188834304053	0.0	6733856.0	0.0	12.006066050380468	6.517084442312535	0.09514706410040263	154.45594547430903	469.9137978684907	461.24356907233596	768847.2704056208	105.7797608859837	795.1385849155486	201.16503464224581	0.31036574484262003	64.51799097248735	778.939688078383	774.87571554631	1127950.0921722709	620.3555391505361	954.0820488035679	97.40208007390679	-0.2803622013797118	58.64704116472955	932.2299211560996	942.623627871275	1082314.6398753226	796.6972671747208	1035.933930683881	72.94834491960563	0.1998602335253056	0.5205519363561151	0.5542998943909082	0.44492165309668974
sub-001_ses-pilot017_acq-original_run-1_T1w	1.379917245117643	0.5635974516990749	0.5582157514430626	-1.0	4.3042428877851195	4.260499936513604	4.260324936516211	4.391903790325543	0.2622935988521124	0.37333650546363073	0.3643698956842569	0.8047688007354736	0.4588742345571519	0.0	0.0011434310249798206	6.066001323760563	5.905597193943224	5.956261347097372	240	320	240	1.7075304590804594	6.034710299751911	5.629110064750787	9.14508943541999	3.5840421232086928	4.56153613637407	4.451968167643945	5.210326243349074	0.800000011920929	0.800000011920929	0.7998831868171692	33.91996200903985	0.0	38.42416425530252	0.0	5881320.0	0.0	268.3619055747986	120.82074704248924	2.2432790460280767	346.6249634310262	718.9367945245264	660.9717407822609	779601.6248695944	179.36201810836792	1458.2245592474937	387.0919627528799	0.008756443172461381	82.97456031633693	842.4688722331687	841.2419210076332	1109648.6820735796	608.0145373344421	1070.8366562128067	139.40048488895258	-0.057328488726677396	82.13303333544103	959.7358101749858	960.8922799229622	1082997.694080873	788.1711972951889	1130.3212748765945	105.07189055746412	0.22105739627555876	0.5033449185791705	0.5165151212698706	0.34281027884089665
sub-001_ses-pilot017_acq-original_run-2_T1w	1.3230188622484114	0.606675668870497	0.5061190443385034	9692.15006574622	4.393372014185906	4.327712435512059	4.371312434862369	4.481091172183289	0.2630689349889943	0.37536618182288845	0.36156488318811725	0.798033595085144	0.4287864506244661	0.0	0.0017444366244839364	7.349191413555859	7.189397269844064	7.237464734733668	290	320	240	1.5419091618798697	6.23735144383406	5.594366673682526	9.003839415333648	4.194376493497728	5.393266500094774	5.253141014984969	6.171780051362403	0.800000011920929	0.800000011920929	0.7998989224433899	40.234994563932574	0.0	29.287944497407892	0.0	8697562.0	0.0	200.7255759872496	97.65058800856653	2.0127100724569535	341.2405510820807	699.6996644275985	625.1878706775606	783528.1992010316	160.093287948519	1516.7141702212393	405.4632316720746	-0.08364210802351657	76.14712590009952	803.4915784481746	803.8870150111616	1117995.8914455601	583.8300060667098	1012.6457601897418	128.88269367670648	0.14381197202623186	77.3765446835522	919.6078977021132	919.9274396523833	1076889.9103596888	753.3039625547826	1086.291782259941	102.1705263827023	0.21522393915248797	0.5087340731227352	0.5240804955697478	0.35494320908654614
sub-001_ses-pilot017_acq-original_run-3_T1w	0.8324352325502975	1.0541092586922223	0.47270318435299724	-1.0	4.0537332729280005	3.7008374448532244	4.472562433353627	3.9877999405771507	0.2530837289899253	0.3789751781635893	0.36794109284648535	0.5843119025230408	0.25737600773572916	0.0	0.0008809651569314005	8.204448437456026	8.064017514100765	8.132473338305564	320	320	240	2.404389456968863	7.953868991617962	7.384709319048159	11.795869508557653	5.686489138175509	8.631080073354173	8.18955950333623	10.25110929847901	0.800000011920929	0.800000011920929	0.800000011920929	85.65993762058181	0.0	16.16369863576748	0.0	9696372.0	0.0	78.0570457316935	59.484981818397614	3.275977876600378	144.37096603426562	522.3842319338138	516.3210332915187	749595.5368488836	134.68846248835325	858.0781279467046	214.7408721141879	-0.05064561594334238	62.105986798943604	789.3164607162815	783.6835828945041	1122466.8739539771	631.5524609200656	961.6811159178615	98.52855693630956	0.3179802880379321	60.34122651831789	923.8686339486435	930.7787664346397	1089785.5904122756	784.50764554739	1041.9356620572507	78.90714107277486	0.21767542761018974	0.5230798430689626	0.547826322733171	0.4143771400619599
sub-001_ses-pilot017_acq-original_run-4_T1w	0.6980257601910378	1.1365921139595938	0.5217261978633645	-1.0	4.148662438180112	3.819249943088741	4.381412434711867	4.2453249367397285	0.2557902226475266	0.3828628639580176	0.3613469133944557	0.45326417684555054	0.19197861254215237	0.0	0.0008415521092675752	7.519902965016261	7.403941775904272	7.472106659950449	290	240	320	2.294837617934291	8.239899094733877	7.7470014721279155	12.706267703715579	3.471390880112131	5.5020542157615395	5.232348702295588	6.723601011013092	0.800000011920929	0.800000011920929	0.800000011920929	269.0107663702551	0.0	9.122551764500223	0.0	6603362.0	0.0	13.08968386799097	91.67991478297267	3.799378279199474	155.31840356397515	493.9873705854937	485.7871125265956	749059.9252760431	111.41351384669542	819.3796499148011	211.68678100163436	6.011881431720315	61.61497081589448	774.8320090563259	769.9585332646966	1121181.354388792	624.9352040737867	945.135655656457	93.44267217876391	5.064503767503812	57.70799241696562	928.4644881879846	940.9020285308361	1058173.7219837285	789.1826564371586	1030.024199552834	74.05019364324414	0.21264401207904238	0.5240364282733488	0.5595500533031725	0.46133316388129886
sub-001_ses-pilot017_acq-undistorted_run-1_T1w	1.3531082367865233	0.575155050988221	0.5615798733725276	10683.519290123457	4.370509325352305	4.31479993570447	4.323912435568684	4.472815604783762	0.2636685864944774	0.3730229011734233	0.36330851233209926	0.8096378147602081	0.45899867117404924	0.0	0.0016007283404444346	6.073742362035052	5.914682858708846	5.965258954858559	240	320	240	1.7121953477068363	6.111782087335703	5.66183892756763	9.161539347660351	3.636204602538494	4.648112846962268	4.533083162462263	5.314932037886029	0.800000011920929	0.800000011920929	0.7998831868171692	33.208363647978665	0.0	36.99976485941131	0.0	5895175.0	0.0	265.5906140729785	118.71377275543784	2.2824345155783288	338.1226751242341	718.3485590024183	658.8972416706383	782793.010640474	184.94272042438388	1455.8383936733007	384.8257277944159	-0.028658141185374575	81.74854085532708	843.4152906862455	842.2597374469042	1107449.7866036235	611.8855583891273	1069.3605940192938	137.80912754107018	-0.02813283613268025	81.74854085532708	961.9872159717565	963.090486433357	1078609.203852627	790.2816338427365	1132.9081995114684	105.12316800004277	0.22050391952492546	0.5033397763051359	0.5176551344733739	0.34420509096776797
sub-001_ses-pilot017_acq-undistorted_run-2_T1w	1.2988940902090964	0.6188106497471169	0.5064962467803971	-1.0	4.463433871363109	4.385762434647047	4.439762433842384	4.564776745599895	0.2624773898663942	0.3747811906584245	0.36274141947518124	0.7947487831115723	0.42718005180358887	0.0	0.0009587832697829143	7.350745603044866	7.19196110387101	7.240247342278	290	320	240	1.5253221125982608	6.162654003886836	5.566171684504025	9.01053893702698	4.298166406423252	5.5424754430589	5.39947594828259	6.35778599536562	0.800000011920929	0.800000011920929	0.7998989224433899	39.87765623020455	0.0	26.020461821469432	0.0	8689783.0	0.0	195.31793385744095	94.86304758751237	1.9991755393607642	341.50749018247586	698.8498310296621	622.369882594794	781605.4342928212	160.65312122926116	1524.7366767004132	408.02495375807587	-0.09243682553008226	76.06025496908451	802.0896664996903	802.5444956310093	1116023.8047112012	579.8243621923029	1013.2117818854749	130.2270313357656	0.13976755539390684	77.28210645453166	920.2946478940813	920.6005885638297	1080171.7620295247	754.0755674242973	1086.8680702336133	102.16926743909929	0.21757180277520302	0.5105773048273906	0.5276994358788455	0.356924609516472
sub-001_ses-pilot017_acq-undistorted_run-3_T1w	0.8227310724661437	1.0771733752542523	0.47992152254406445	16539.156300703085	4.125545771857911	3.759762443975174	4.551249932181091	4.065624939417467	0.2553360052783297	0.37857647174912556	0.3660875229725446	0.5731846690177917	0.24898585677146906	0.0	0.0007343524852283515	8.214683831374757	8.076531897976796	8.145064476887717	320	320	240	2.4267367132520765	8.022199754192306	7.453537701464593	11.911676636949398	5.909242377054014	8.961809613225423	8.509464653983398	10.657341971670757	0.800000011920929	0.800000011920929	0.800000011920929	82.06597535470611	0.0	15.621322009012538	0.0	9697492.0	0.0	77.66344164684415	57.25753000141126	3.1698193869378537	144.86705420554452	522.5436158015413	516.455233886838	755375.0588866207	140.7344947718084	854.9188108183444	212.81867505977192	-0.019508600331920256	62.0107272427728	788.9986886426767	783.2431273795664	1119964.3557079444	633.149988297373	960.3920628093183	97.63441471236567	0.3449868050164002	59.906439573877016	924.3430129176467	931.4290545880795	1083017.5866564803	785.7712919563055	1040.6280227974057	78.19458611586825	0.21227106506677554	0.5200261854191462	0.5454980641028627	0.4190278553755288
sub-001_ses-pilot017_acq-undistorted_run-4_T1w	0.6954455184725751	1.1496250828119599	0.5274025930680317	-1.0	4.229516603641958	3.885587442100235	4.465249933462591	4.337712435363048	0.25714324006886796	0.3825757071348372	0.36028105279629474	0.44967353343963623	0.1896120667457581	0.0	0.0016175519223367368	7.523174725011645	7.4080190560733445	7.475818968673122	290	240	320	2.2971330471750258	8.267774726763745	7.761302389728346	12.718999395246268	3.508223136643531	5.587632456450742	5.309816215294027	6.8335930527878075	0.800000011920929	0.800000011920929	0.800000011920929	272.2444848190724	0.0	8.644819237278666	0.0	6599361.0	0.0	9.498839419335127	90.2412296243893	3.6633149965335035	155.613968180314	491.89154943265964	483.2373375184834	752787.8643019309	113.08346838131547	816.2984536290169	210.36527124430367	5.568443448131614	61.557368248232315	774.458492541638	769.6638800092041	1119991.9135758867	624.9892488531768	944.2534081600606	93.09198204387572	5.498677557112039	57.7976532102968	928.7041214384102	941.2877071648836	1054724.2237841338	789.3922388032079	1030.0008499771357	74.0063924597735	0.2091470768420604	0.5235579344110024	0.5591299340594837	0.46588805922522175
sub-001_ses-pilot018_acq-tra_run-1_T1w	3.3260474632326122	0.3467389656599246	0.5957779705059686	659.4130594382258	6.170799800464731	6.645313047059331	4.844561458978634	7.022524895356224	0.2780692882096258	0.49013144738361886	0.23179926440675544	0.8198971450328827	0.7330860644578934	0.0	0.0008400832769560324	5.918497372934504	5.852034005857501	5.973883081445569	262	288	240	2.7120377774001776	6.211500075887858	3.4784916063652758	1.5119369658077901	2.4734483090492763	3.130669710159073	3.2405350568213556	4.117487151255716	0.7986109852790833	0.7986109852790833	0.800000011920929	49.25453160836792	0.0	26.66671356508833	0.0	4495398.0	0.0	118.5507702883333	72.83206985500242	23.31568221491778	91.2314363418144	267.3632308306953	274.9753486867994	825378.0526568829	85.38722609356046	416.995282785967	101.3906164592414	91.66406785849831	46.97586642077404	348.5845280927192	348.0392098855227	1454830.7085334098	262.24120496213436	434.5218461919576	56.03140723148648	-0.20337638902058153	317.909277506189	549.3490164485424	457.74454270489514	688037.2395498613	184.96001444384456	1179.5651024784893	302.75350124469844	0.21072888439571658	0.47511148546821247	0.3108496994580417	0.3332934537696158
sub-001_ses-pilot018_acq-tra_run-2_T1w	3.516100286730037	0.33726509046772113	0.6023003498083974	563.4476278154315	6.2581041109757765	6.737836192072393	4.881876247466781	7.154599893388154	0.2751807351602855	0.4912586182632749	0.23356064657643955	0.8211158812046051	0.7374041289091107	0.0	0.00154488860975607	5.9249078390665515	5.857725573902594	5.9805852178564205	262	288	240	2.73101339866544	6.094133180900899	3.4418063700267623	1.5002725305139477	2.6123487493622375	3.2935972815116803	3.4027438269982313	4.302285450120777	0.7986109852790833	0.7986109852790833	0.800000011920929	55.800389954299625	0.0	25.40790112864513	0.0	4507396.0	0.0	110.16995121911168	69.47397361415534	29.689654510191758	91.93309043415692	269.4152160713983	277.02665900439024	815679.7280922667	89.45539410226047	417.60329956933856	101.43725011614184	105.40304111529652	46.972818098363014	349.82955059945544	349.2696950305253	1456169.1461961095	262.82782103307545	436.01020615547895	57.312428976369716	-0.16777966437219316	329.1317340105522	548.6237747857174	456.23608433641493	692311.1262914417	178.63929990679026	1181.517071723938	304.10191852129634	0.2149993495912468	0.4770183031806387	0.3112690466163913	0.33218027278118206
sub-001_ses-pilot019_acq-original_T1w	0.7291286772453658	1.393200622295323	0.5101123868047084	17842.339729031246	4.272291603004561	4.253162436622941	4.213749937210233	4.349962435180508	0.2554366561037932	0.3813988067277506	0.3631645371684562	0.48810404539108276	0.20479690581560134	0.0	0.0008682933489469406	8.205836252450394	8.084917797130494	8.149878078384779	240	320	320	2.305620111936525	8.169397421686787	7.763378633752794	12.815118367635067	41.89224475742529	68.60666944236868	64.64612033368057	83.43944680124775	0.800000011920929	0.800000011920929	0.800000011920929	851.8112723362353	0.0	3.4911863775192424	0.0	6716252.0	0.0	14.15331244468689	7.368416989761896	0.0119110880813742	157.78412997942175	478.0304094455241	471.16833686828613	757720.6558144204	110.80673968791962	802.4928156137466	204.35631330471296	-0.4094186477861297	63.35733404579097	776.6871495139399	771.6294633150101	1131371.5046565593	624.6176372766495	947.7697194814682	94.45361542229179	-0.276681101523919	58.28062458699362	928.0682686990732	938.4559267759323	1077281.8414911	791.6267241239548	1032.1417239904404	73.23034124907889	0.20181798411868315	0.5185465267132531	0.5506263343359515	0.42838088489673426
sub-001_ses-pilot019_acq-undistorted_T1w	0.7152774995999945	1.4342572746612283	0.5140277623145715	-1.0	4.374387434816548	4.338387435352989	4.322412435591036	4.462362433505618	0.25589498672057626	0.3815108016111267	0.3625942116682971	0.48608607053756714	0.20804382264614107	0.0	0.0009438285945184017	8.205116121992782	8.088352375913392	8.152855340268271	240	320	320	2.3050733801798486	8.2227876913772	7.854883852347812	13.036790485486389	49.530701091283795	81.66945911278572	76.95697830176773	99.67077470123371	0.800000011920929	0.800000011920929	0.800000011920929	1481.5134882756674	0.0	1.5962931176787087	0.0	6712174.0	0.0	8.46556356549263	6.174267373210899	-0.009058953013109328	157.5505335733805	474.20981884895315	466.79713067412376	759277.0191582795	110.64789363741875	797.0391907691956	202.50844389249053	-0.4352474039680545	63.57523532504705	774.5313385185059	769.6856361329556	1131997.105282445	623.5589484572411	944.5271750986576	93.60393640857168	-0.30153912066198485	57.7727336882372	928.7949648411222	939.337231606245	1075868.8778071848	793.7210301756859	1030.586647927761	72.05276452848537	0.20177753967844425	0.5199360147611747	0.5538329336053689	0.4422479877200736
sub-001_ses-pilot020_acq-original_T1w	0.7175840274364201	1.4243758827092619	0.5033391270062637	22915.492883400882	4.225316603704543	4.205324937335775	4.168137437889912	4.302487435887941	0.25693264277682415	0.3806258411805895	0.3624415160425863	0.45423126220703125	0.17860897779464718	0.0	0.0019489108706844788	8.201862567465815	8.084420744310135	8.150769566336155	240	320	320	2.316558999197436	8.019761127939459	7.7615298042499825	12.948269285613053	51.404457140476815	84.34010285752018	79.63340532657652	103.15565598173255	0.800000011920929	0.800000011920929	0.800000011920929	488.1160655921694	0.0	3.190674938506679	0.0	7260411.0	0.0	13.055985365062952	6.0206833946918215	0.11219112091780792	154.85466293615204	479.4161618355512	472.4053823277354	762469.2003032868	109.3162164464593	804.51424395293	203.92533611479897	-0.42830027625063005	65.22268430446404	779.6782583839647	775.0829549096525	1129539.1570459802	623.1466913223267	954.9014923274517	96.64659575861175	-0.3053469987039592	58.857895192257786	936.859420191764	947.9973102360964	1075575.6446787657	799.9114558920264	1039.9202987216413	73.2141762448766	0.2029708832609741	0.519331868681484	0.5521618980358988	0.43907838635618235
sub-001_ses-pilot020_acq-undistorted_T1w	0.7104427849319654	1.4524133819684826	0.5076712026902961	-1.0	4.318820768977889	4.282812436181121	4.266149936429413	4.407499934323133	0.25790900177086856	0.38049173611328846	0.361599262115843	0.454612135887146	0.18174505233764648	0.0	0.0005501070627853007	8.199452142044064	8.084882507485718	8.150724507243583	240	320	320	2.3113122709191245	8.05814979907481	7.80462600436159	13.044415943090836	61.617180601214756	101.84306538015518	96.1172776519878	124.89158697459347	0.800000011920929	0.800000011920929	0.800000011920929	884.7603142903403	0.0	1.6095001305030965	0.0	7241291.0	0.0	8.852119855582714	4.9711531977888574	0.153442357012195	154.97562616538735	475.1336317930695	467.549115549773	765708.3570993324	108.58324589207768	799.0899596735835	202.28716652760565	-0.45208169879215365	65.43687895467681	777.0278491127264	772.7817903831601	1129645.3405996899	621.3857218250632	951.1478689685464	95.90060592142522	-0.3374729828748495	58.813464777446164	936.3684659986337	947.6732050999999	1073555.3044753291	800.0827207788825	1038.0144656822085	72.64968917450462	0.20218973823684191	0.5203027305156278	0.5553265515306387	0.4542390356094853
sub-001_ses-pilot021_acq-undistorted_T1w	0.6260272504399907	1.5764681575606325	0.5453280632395311	12857.20374430764	4.860184866379503	4.524530799857804	5.377261368999697	4.678762430281007	0.2768462123184959	0.3775001770544259	0.34565361062707817	0.6247729659080505	0.32509120106697076	0.0	0.0014327384232698922	4.657620183620788	4.55986542974098	4.636433113881049	252	288	192	1.6735667873780298	5.336652573952994	5.6915168270630785	10.06433111985821	5.486214695558415	11.523603667849116	10.957538015920903	15.862795684355183	0.7986109852790833	0.7986109852790833	0.800000011920929	161.19222786801697	0.0	7.116878866080705	0.0	4297842.0	0.0	13.83914528042078	39.263823675428696	-0.8323902397343188	166.90164576627052	341.7467337784492	328.8014014363289	814029.4675479517	36.058275517076254	684.5856589972973	196.4673307076359	-0.45627056304472546	89.59847423684268	692.340909367536	690.6359385922551	1109989.0641571968	477.83300111442804	930.3174170292914	129.41363859110638	-0.11002363750121802	73.2047372936229	929.7912886697708	950.6936460100114	1016348.4710821498	745.0884549468756	1052.331388860941	94.46163555106257	0.1802878650768506	0.5238741308581337	0.5445111165310145	0.4687778616007133
